abilities;attack;capture_rate;classfication;defense;experience_growth;height_m;hp;name;percentage_male;pokedex_number;sp_attack;sp_defense;speed;type1;type2;weight_kg;generation;is_legendary
['Rock Head', 'Sturdy', 'Sand Veil', 'Magnet Pull', 'Sturdy', 'Galvanize'];80;255;Rock Pokémon;100;1059860;0;40;Geodude;50;74;30;30;20;rock;ground;0;1;0
['Stench', 'Sticky Hold', 'Poison Touch', 'Poison Touch', 'Gluttony', 'Power of Alchemy'];80;190;Sludge Pokémon;50;1000000;0;80;Grimer;50;88;40;50;25;poison;poison;0;1;0
['Rock Head', 'Sturdy', 'Sand Veil', 'Magnet Pull', 'Sturdy', 'Galvanize'];95;120;Rock Pokémon;115;1059860;0;55;Graveler;50;75;45;45;35;rock;ground;0;1;0
['Sand Veil', 'Sand Rush', 'Snow Cloak', 'Slush Rush'];75;255;Mouse Pokémon;90;1000000;0;50;Sandshrew;50;27;10;35;40;ground;ice;0;1;0
['Chlorophyll', 'Harvest', 'Frisk', 'Harvest'];105;45;Coconut Pokémon;85;1250000;0;95;Exeggutor;50;103;125;75;45;grass;psychic;0;1;0
['Rock Head', 'Lightningrod', 'Battle Armor', 'Cursed Body', 'Lightningrod', 'Rock Head'];80;75;Bone Keeper Pokémon;110;1000000;0;60;Marowak;50;105;50;80;45;ground;fire;0;1;0
['Rock Head', 'Sturdy', 'Sand Veil', 'Magnet Pull', 'Sturdy', 'Galvanize'];120;45;Megaton Pokémon;130;1059860;0;80;Golem;50;76;55;65;45;rock;ground;0;1;0
['Stench', 'Sticky Hold', 'Poison Touch', 'Poison Touch', 'Gluttony', 'Power of Alchemy'];105;75;Sludge Pokémon;75;1000000;0;105;Muk;50;89;65;100;50;poison;poison;0;1;0
['Flash Fire', 'Drought', 'Snow Cloak', 'Snow Warning'];41;190;Fox Pokémon;40;1000000;0;38;Vulpix;246;37;50;65;65;fire;ice;0;1;0
['Sand Veil', 'Sand Rush', 'Snow Cloak', 'Slush Rush'];100;90;Mouse Pokémon;120;1000000;0;75;Sandslash;50;28;25;65;65;ground;ice;0;1;0
['Run Away', 'Guts', 'Hustle', 'Gluttony', 'Hustle', 'Thick Fat'];56;255;Mouse Pokémon;35;1000000;0;30;Rattata;50;19;25;35;72;normal;dark;0;1;0
['Run Away', 'Guts', 'Hustle', 'Gluttony', 'Hustle', 'Thick Fat'];71;127;Mouse Pokémon;70;1000000;0;75;Raticate;50;20;40;80;77;normal;dark;0;1;0
['Magician'];160;3;Mischief Pokémon (Confined)Djinn Pokémonn (Unbound);60;1250000;0;80;Hoopa;0;720;170;130;80;psychic;ghost;0;6;1
['Keen Eye', 'Sand Rush', 'Steadfast', 'Keen Eye', 'Vital Spirit', 'No Guard'];115;90;Wolf Pokémon;75;1000000;0;85;Lycanroc;50;745;55;75;82;rock;None;0;7;0
['Sand Veil', 'Arena Trap', 'Sand Force', 'Sand Veil', 'Tangling Hair', 'Sand Force'];55;255;Mole Pokémon;30;1000000;0;10;Diglett;50;50;35;45;90;ground;ground;0;1;0
['Pickup', 'Technician', 'Unnerve', 'Pickup', 'Technician', 'Rattled'];35;255;Scratch Cat Pokémon;35;1000000;0;40;Meowth;50;52;50;40;90;normal;dark;0;1;0
['Flash Fire', 'Drought', 'Snow Cloak', 'Snow Warning'];67;75;Fox Pokémon;75;1000000;0;73;Ninetales;246;38;81;100;109;fire;ice;0;1;0
['Static', 'Lightningrod', 'Surge Surfer'];85;75;Mouse Pokémon;50;1000000;0;60;Raichu;50;26;95;85;110;electric;electric;0;1;0
['Sand Veil', 'Arena Trap', 'Sand Force', 'Sand Veil', 'Tangling Hair', 'Sand Force'];100;50;Mole Pokémon;60;1000000;0;35;Dugtrio;50;51;50;70;110;ground;ground;0;1;0
['Limber', 'Technician', 'Unnerve', 'Fur Coat', 'Technician', 'Rattled'];60;90;Classy Cat Pokémon;60;1000000;0;65;Persian;50;53;75;65;115;normal;dark;0;1;0
['Unaware'];29;45;Nebula Pokémon;31;1250000;2;43;Cosmog;0;789;29;31;37;psychic;None;1;7;1
['Flower Veil', 'Symbiosis'];38;225;Single Bloom Pokémon;39;1000000;1;44;Flabébé;0;669;61;79;42;fairy;None;1;6;0
['Levitate'];35;190;Gas Pokémon;30;1059860;13;30;Gastly;50;92;100;35;80;ghost;poison;1;1;0
['Levitate'];50;90;Gas Pokémon;45;1059860;16;45;Haunter;50;93;115;55;95;ghost;poison;1;1;0
['Beast Boost'];181;255;Drawn Sword Pokémon;131;1250000;3;59;Kartana;0;798;59;31;109;grass;steel;1;7;1
['Honey Gather', 'Shield Dust', 'Sweet Veil'];45;190;Bee Fly Pokémon;40;1000000;1;40;Cutiefly;50;742;55;40;84;bug;fairy;2;7;0
['Schooling'];140;60;Small Fry Pokémon;130;800000;2;45;Wishiwashi;50;746;140;135;30;water;None;3;7;0
['Levitate'];55;190;EleFish Pokémon;40;1250000;2;35;Tynamo;50;602;45;40;60;electric;None;3;5;0
['Levitate'];105;3;Emotion Pokémon;105;1250000;3;80;Mesprit;0;481;105;105;80;psychic;None;3;4;1
['Levitate'];65;45;Plasma Pokémon;107;1000000;3;50;Rotom;0;479;105;107;86;electric;ghost;3;4;0
['Levitate'];75;3;Knowledge Pokémon;130;1250000;3;75;Uxie;0;480;75;130;95;psychic;None;3;4;1
['Flower Veil', 'Triage', 'Natural Cure'];52;60;Posy Picker Pokémon;90;800000;1;51;Comfey;246;764;82;110;100;fairy;None;3;7;0
['Levitate'];125;3;Willpower Pokémon;70;1250000;3;75;Azelf;0;482;125;70;115;psychic;None;3;4;1
['Healer', 'Aroma Veil'];52;200;Perfume Pokémon;60;1000000;2;78;Spritzee;50;682;63;65;23;fairy;None;5;6;0
['Chlorophyll', 'Leaf Guard', 'Infiltrator'];35;255;Cottonweed Pokémon;40;1059860;4;35;Hoppip;50;187;35;55;50;grass;flying;5;2;0
['Honey Gather', 'Shield Dust', 'Sweet Veil'];55;75;Bee Fly Pokémon;60;1000000;2;60;Ribombee;50;743;95;70;124;bug;fairy;5;7;0
['Levitate'];30;120;Bell Pokémon;50;800000;2;45;Chingling;50;433;65;50;45;psychic;None;6;4;0
['Compoundeyes', 'Unnerve', 'Swarm'];47;190;Attaching Pokémon;50;1000000;1;50;Joltik;50;595;57;50;65;bug;electric;6;5;0
['Prankster', 'Infiltrator', 'Chlorophyll'];27;190;Cotton Puff Pokémon;60;1000000;3;40;Cottonee;50;546;37;50;66;grass;fairy;6;5;0
['Disguise'];90;45;Disguise Pokémon;80;1000000;2;55;Mimikyu;50;778;50;105;96;ghost;fairy;7;7;0
['Forecast'];70;45;Weather Pokémon;70;1000000;3;70;Castform;50;351;70;70;70;normal;None;8;3;0
['Flower Veil', 'Symbiosis'];65;120;Fairy Pokémon;67;1000000;2;74;Floette;0;670;125;128;92;fairy;None;9;6;0
['Effect Spore', 'Regenerator'];55;190;Mushroom Pokémon;45;1000000;2;69;Foongus;50;590;55;55;15;grass;poison;10;5;0
['Cute Charm', 'Competitive', 'Friend Guard'];30;170;Balloon Pokémon;15;800000;3;90;Igglybuff;246;174;40;20;15;normal;fairy;10;2;0
['Overcoat', 'Magic Guard', 'Regenerator'];30;200;Cell Pokémon;40;1059860;3;45;Solosis;50;577;105;50;20;psychic;None;10;5;0
['Levitate'];65;190;Poison Gas Pokémon;95;1000000;6;40;Koffing;50;109;60;45;35;poison;None;10;1;0
['Levitate'];50;45;Wind Chime Pokémon;80;800000;6;75;Chimecho;50;358;95;90;65;psychic;None;10;3;0
['Chlorophyll', 'Leaf Guard', 'Infiltrator'];45;120;Cottonweed Pokémon;50;1059860;6;55;Skiploom;50;188;45;65;80;grass;flying;10;2;0
['Levitate'];60;45;Screech Pokémon;60;800000;7;60;Misdreavus;50;200;85;85;85;ghost;None;10;2;0
['Serene Grace'];100;3;Wish Pokémon;100;1250000;3;100;Jirachi;0;385;100;100;100;steel;psychic;11;3;1
['Innards Out', 'Unaware'];60;60;Sea Cucumber Pokémon;130;800000;3;55;Pyukumuku;50;771;30;130;5;water;None;12;7;0
['Wonder Guard'];90;45;Shed Pokémon;45;600000;8;1;Shedinja;0;292;30;30;40;bug;ghost;12;3;0
['Natural Cure', 'Cloud Nine'];40;255;Cotton Bird Pokémon;60;600000;4;45;Swablu;50;333;40;75;50;normal;flying;12;3;0
['Natural Cure', 'Poison Point', 'Leaf Guard'];30;255;Bud Pokémon;35;1059860;2;40;Budew;50;406;50;70;55;grass;poison;12;4;0
['Keen Eye', 'Skill Link', 'Pickup'];75;255;Woodpecker Pokémon;30;1000000;3;35;Pikipek;50;731;30;30;65;normal;flying;12;7;0
['Aftermath', 'Unburden', 'Flare Boost'];50;125;Balloon Pokémon;34;1640000;4;90;Drifloon;50;425;60;44;70;ghost;flying;12;4;0
['Hydration'];100;3;Seafaring Pokémon;100;1250000;3;100;Manaphy;0;490;100;100;100;water;None;14;4;1
['Illuminate', 'Effect Spore', 'Rain Dish'];35;190;Illuminating Pokémon;55;1000000;2;40;Morelull;50;755;65;75;15;grass;fairy;15;7;0
['Hustle', 'Serene Grace', 'Super Luck'];20;190;Spike Ball Pokémon;65;800000;3;35;Togepi;881;175;40;65;20;fairy;None;15;2;0
['Mummy'];30;190;Spirit Pokémon;85;1000000;5;38;Yamask;50;562;55;65;30;ghost;None;15;5;0
['Leaf Guard', 'Contrary'];55;190;Sickle Grass Pokémon;35;1000000;3;40;Fomantis;50;753;50;35;35;grass;None;15;7;0
['Overgrow', 'Long Reach'];55;45;Grass Quill Pokémon;55;1059860;3;68;Rowlet;881;722;50;50;42;grass;flying;15;7;0
['Big Pecks', 'Gale Wings'];50;255;Tiny Robin Pokémon;43;1059860;3;45;Fletchling;50;661;40;38;62;normal;flying;17;6;0
['Swift Swim', 'Rain Dish'];30;200;Pond Skater Pokémon;32;1000000;5;40;Surskit;50;283;50;52;65;bug;water;17;3;0
['Chlorophyll', 'Solar Power', 'Early Bird'];30;235;Seed Pokémon;30;1059860;3;30;Sunkern;50;191;30;30;30;grass;None;18;2;0
['Keen Eye', 'Tangled Feet', 'Big Pecks'];45;255;Tiny Bird Pokémon;40;1059860;3;40;Pidgey;50;16;35;35;56;normal;flying;18;1;0
['Oblivious', 'Anticipation', 'Hydration'];48;190;Whiskers Pokémon;43;1000000;4;50;Barboach;50;339;46;41;60;water;ground;19;3;0
['Keen Eye', 'Tangled Feet', 'Big Pecks'];65;30;Music Note Pokémon;45;1059860;5;76;Chatot;50;441;92;42;91;normal;flying;19;4;0
['Thick Fat', 'Huge Power', 'Sap Sipper'];20;150;Polka Dot Pokémon;40;800000;2;50;Azurill;246;298;20;40;20;normal;fairy;20;3;0
['No Guard'];80;180;Sword Pokémon;100;1000000;8;45;Honedge;50;679;35;37;28;steel;ghost;20;6;0
['Static', 'Lightningrod'];40;190;Tiny Mouse Pokémon;15;1000000;3;20;Pichu;50;172;35;35;60;electric;None;20;2;0
['Keen Eye', 'Reckless'];55;255;Starling Pokémon;30;1059860;3;40;Starly;50;396;30;30;60;normal;flying;20;4;0
['Natural Cure', 'Poison Point', 'Leaf Guard'];60;150;Thorn Pokémon;45;1059860;3;50;Roselia;50;315;100;80;65;grass;poison;20;3;0
['Keen Eye', 'Sniper'];60;255;Tiny Bird Pokémon;30;1000000;3;40;Spearow;50;21;31;31;70;normal;flying;20;1;0
['Synchronize', 'Early Bird', 'Magic Bounce'];50;190;Little Bird Pokémon;45;1000000;2;40;Natu;50;177;70;45;70;psychic;flying;20;2;0
['Big Pecks', 'Super Luck', 'Rivalry'];55;255;Tiny Pigeon Pokémon;50;1059860;3;50;Pidove;50;519;36;30;43;normal;flying;21;5;0
['Unaware', 'Klutz', 'Simple'];45;190;Bat Pokémon;43;1000000;4;65;Woobat;50;527;55;43;72;psychic;flying;21;5;0
['Insomnia', 'Super Luck', 'Prankster'];85;30;Darkness Pokémon;42;1059860;5;60;Murkrow;50;198;85;42;91;dark;flying;21;2;0
['Natural Cure', 'Serene Grace'];103;45;Gratitude Pokémon;75;1059860;2;100;Shaymin;0;492;120;75;127;grass;grass;21;4;1
['Shed Skin', 'Run Away'];25;255;Cricket Pokémon;41;1059860;3;37;Kricketot;50;401;25;41;25;bug;None;22;4;0
['Cheek Pouch', 'Pickup', 'Plus'];58;180;Antenna Pokémon;57;1000000;2;67;Dedenne;50;702;81;67;101;electric;fairy;22;6;0
['Insomnia', 'Frisk', 'Cursed Body'];75;225;Puppet Pokémon;35;800000;6;44;Shuppet;50;353;63;33;45;ghost;None;23;3;0
['Guts', 'Scrappy'];55;200;TinySwallow Pokémon;30;1059860;3;40;Taillow;50;276;30;30;85;normal;flying;23;3;0
['Shield Dust', 'Compoundeyes', 'Friend Guard'];35;255;Scatterdust Pokémon;40;1000000;3;38;Scatterbug;50;664;27;25;35;bug;None;25;6;0
['Chlorophyll', 'Harvest'];40;90;Egg Pokémon;80;1250000;4;60;Exeggcute;50;102;60;45;40;grass;psychic;25;1;0
['Swarm', 'Chlorophyll', 'Overcoat'];53;255;Sewing Pokémon;70;1059860;3;45;Sewaddle;50;540;40;60;42;bug;grass;25;5;0
['Blaze', 'Speed Boost'];60;45;Chick Pokémon;40;1059860;4;45;Torchic;881;255;70;50;45;fire;None;25;3;0
['Swift Swim', 'Rain Dish', 'Own Tempo'];30;255;Water Weed Pokémon;30;1059860;5;40;Lotad;50;270;40;50;30;water;grass;26;3;0
['Sap Sipper', 'Hydration', 'Gooey'];50;45;Soft Tissue Pokémon;35;1250000;3;45;Goomy;50;704;55;75;40;dragon;None;28;6;0
['Shield Dust', 'Run Away'];30;255;Worm Pokémon;35;1000000;3;45;Caterpie;50;10;20;20;45;bug;None;29;1;0
['Cute Charm', 'Magic Guard', 'Friend Guard'];25;150;Star Shape Pokémon;28;800000;3;50;Cleffa;246;173;45;55;15;fairy;None;30;2;0
['Prankster', 'Magician'];80;75;Key Ring Pokémon;91;800000;2;57;Klefki;50;707;80;87;75;steel;fairy;30;6;0
['Chlorophyll', 'Leaf Guard', 'Infiltrator'];55;45;Cottonweed Pokémon;70;1059860;8;75;Jumpluff;50;189;55;95;110;grass;flying;30;2;0
['Flash Fire', 'Flame Body', 'Infiltrator'];30;190;Candle Pokémon;55;1059860;3;50;Litwick;50;607;65;55;20;ghost;fire;31;5;0
['Hydration'];80;30;Sea Drifter Pokémon;80;1250000;4;80;Phione;0;489;80;80;80;water;None;31;4;0
['Leaf Guard', 'Oblivious', 'Sweet Veil'];30;235;Fruit Pokémon;38;1059860;3;42;Bounsweet;0;761;30;38;32;grass;None;32;7;0
['Hustle', 'Serene Grace', 'Super Luck'];40;75;Happiness Pokémon;85;800000;6;55;Togetic;881;176;80;105;40;fairy;flying;32;2;0
['Shield Dust', 'Run Away'];35;255;Hairy Pokémon;30;1000000;3;40;Weedle;50;13;20;20;50;bug;poison;32;1;0
['Chlorophyll'];35;190;Cherry Pokémon;45;1000000;4;45;Cherubi;50;420;62;53;35;grass;None;33;4;0
['Shed Skin', 'Marvel Scale'];64;45;Dragon Pokémon;45;1250000;18;41;Dratini;50;147;50;50;50;dragon;None;33;1;0
['Iron Barbs', 'Lightningrod', 'Sturdy'];98;180;Roly-Poly Pokémon;63;1000000;3;65;Togedemaru;50;777;40;73;96;electric;steel;33;7;0
['Shed Skin', 'Overcoat'];29;120;Bagworm Pokémon;45;1000000;2;40;Burmy;50;412;29;45;36;bug;None;34;4;0
['Dancer'];70;45;Dancing Pokémon;70;1000000;6;75;Oricorio;246;741;98;70;93;fire;flying;34;7;0
['Contrary', 'Suction Cups', 'Infiltrator'];54;190;Revolving Pokémon;53;1000000;4;53;Inkay;50;686;37;46;45;dark;psychic;35;6;0
['Sweet Veil', 'Unburden'];48;200;Cotton Candy Pokémon;66;1000000;4;62;Swirlix;50;684;59;57;49;fairy;None;35;6;0
['Keen Eye', 'Infiltrator', 'Own Tempo'];48;190;Restraint Pokémon;54;1000000;3;62;Espurr;50;677;63;60;68;psychic;None;35;6;0
['Shield Dust', 'Run Away'];45;255;Worm Pokémon;35;1000000;3;45;Wurmple;50;265;20;30;20;bug;None;36;3;0
['Intimidate', 'Unnerve'];60;75;Eyeball Pokémon;62;1000000;8;70;Masquerain;50;284;100;82;80;bug;flying;36;3;0
['Limber', 'Own Tempo', 'Keen Eye'];55;190;Catty Pokémon;42;800000;5;49;Glameow;246;431;42;37;85;normal;None;39;4;0
['Poison Point', 'Swift Swim', 'Intimidate'];95;45;Balloon Pokémon;85;1000000;5;65;Qwilfish;50;211;55;55;85;water;poison;39;2;0
['Run Away', 'Pickup', 'Volt Absorb'];45;200;EleSquirrel Pokémon;70;1000000;4;60;Pachirisu;50;417;45;90;95;electric;None;39;4;0
['Water Bubble', 'Water Absorb'];40;200;Water Bubble Pokémon;52;1000000;3;38;Dewpider;50;751;40;72;27;water;bug;40;7;0
['Chlorophyll', 'Early Bird', 'Pickpocket'];40;255;Acorn Pokémon;50;1059860;5;40;Seedot;50;273;30;30;30;grass;None;40;3;0
['Chlorophyll', 'Gluttony'];75;255;Flower Pokémon;35;1059860;7;50;Bellsprout;50;69;70;30;40;grass;poison;40;1;0
['Shell Armor', 'Skill Link', 'Overcoat'];65;190;Bivalve Pokémon;100;1250000;3;30;Shellder;50;90;45;25;40;water;None;40;1;0
['Limber', 'Imposter'];48;35;Transform Pokémon;48;1000000;3;48;Ditto;0;132;48;48;48;normal;None;40;1;0
['Synchronize'];100;45;New Species Pokémon;100;1059860;4;100;Mew;0;151;100;100;100;psychic;None;40;1;1
['Victory Star'];100;3;Victory Pokémon;100;1250000;4;100;Victini;0;494;100;100;100;psychic;fire;40;5;1
['Vital Spirit', 'Pickup', 'Run Away'];60;255;Puppy Pokémon;45;1059860;4;45;Lillipup;50;506;25;45;55;normal;None;41;5;0
['Plus', 'Lightningrod'];50;200;Cheering Pokémon;40;1000000;4;60;Plusle;50;311;85;75;95;electric;None;42;3;0
['Minus', 'Volt Absorb'];40;200;Cheering Pokémon;50;1000000;4;60;Minun;50;312;75;85;95;electric;None;42;3;0
['Blaze', 'Intimidate'];65;45;Fire Cat Pokémon;40;1059860;4;45;Litten;881;725;60;40;70;fire;None;43;7;0
['Swarm'];62;255;Larva Pokémon;45;1000000;4;47;Grubbin;50;736;55;45;46;bug;None;44;7;0
['Levitate'];60;45;Magical Pokémon;60;800000;9;60;Mismagius;50;429;105;105;105;ghost;None;44;4;0
['Effect Spore', 'Poison Heal', 'Quick Feet'];40;255;Mushroom Pokémon;60;1640000;4;60;Shroomish;50;285;40;60;35;grass;None;45;3;0
['No Guard'];110;90;Sword Pokémon;150;1000000;8;59;Doublade;50;680;45;49;35;steel;ghost;45;6;0
['Swift Swim', 'Hydration', 'Water Absorb'];50;255;Tadpole Pokémon;40;1059860;5;50;Tympole;50;535;50;40;64;water;None;45;5;0
['Corrosion', 'Oblivious'];44;120;Toxic Lizard Pokémon;40;1000000;6;48;Salandit;881;757;71;40;77;poison;fire;48;7;0
['Hustle', 'Natural Cure', 'Regenerator'];55;60;Coral Pokémon;95;800000;6;65;Corsola;246;222;65;95;35;water;rock;50;2;0
['Levitate'];72;225;Symbol Pokémon;48;1000000;5;48;Unown;0;201;72;48;48;psychic;None;50;2;0
['Pickup', 'Cheek Pouch', 'Huge Power'];36;255;Digging Pokémon;38;1000000;4;38;Bunnelby;50;659;32;36;57;normal;None;50;6;0
['Own Tempo', 'Tangled Feet', 'Contrary'];60;255;Spot Panda Pokémon;60;800000;11;60;Spinda;50;327;60;60;60;normal;None;50;3;0
['Overgrow', 'Unburden'];45;45;Wood Gecko Pokémon;35;1059860;5;40;Treecko;881;252;65;55;70;grass;None;50;3;0
['Sweet Veil', 'Unburden'];80;140;Meringue Pokémon;86;1000000;8;82;Slurpuff;50;685;85;75;72;fairy;None;50;6;0
['Natural Cure'];100;45;Time Travel Pokémon;100;1059860;6;100;Celebi;0;251;100;100;100;psychic;grass;50;2;1
['Static', 'Motor Drive'];75;200;Sky Squirrel Pokémon;60;1000000;4;55;Emolga;50;587;75;60;103;electric;flying;50;5;0
['Torrent', 'Defiant'];51;45;Penguin Pokémon;53;1059860;4;53;Piplup;881;393;61;56;40;water;None;52;4;0
['Poison Point', 'Swarm', 'Speed Boost'];45;255;Centipede Pokémon;59;1059860;4;30;Venipede;50;543;30;39;57;bug;poison;53;5;0
['Effect Spore', 'Dry Skin', 'Damp'];70;190;Mushroom Pokémon;55;1000000;3;35;Paras;50;46;45;55;25;bug;grass;54;1;0
['Chlorophyll', 'Run Away'];50;255;Weed Pokémon;55;1059860;5;45;Oddish;50;43;75;65;30;grass;poison;54;1;0
['Cute Charm', 'Competitive', 'Friend Guard'];45;170;Balloon Pokémon;20;800000;5;115;Jigglypuff;246;39;45;25;20;normal;fairy;55;1;0
['Compoundeyes', 'Run Away'];45;255;Trainee Pokémon;90;600000;5;31;Nincada;50;290;30;30;40;bug;ground;55;3;0
['Keen Eye', 'Big Pecks', 'Hydration'];44;190;Water Bird Pokémon;50;1000000;5;62;Ducklett;50;580;44;50;55;water;flying;55;5;0
['Honey Gather', 'Hustle'];30;120;Tiny Bee Pokémon;42;1059860;3;30;Combee;881;415;30;42;70;bug;flying;55;4;0
['Run Away', 'Klutz', 'Limber'];66;190;Rabbit Pokémon;44;1000000;4;55;Buneary;50;427;44;56;85;normal;None;55;4;0
['Ice Body', 'Snow Cloak', 'Weak Armor'];50;255;Fresh Snow Pokémon;50;1250000;4;36;Vanillite;50;582;65;60;44;ice;None;57;5;0
['Clear Body', 'Sturdy'];50;60;Jewel Pokémon;150;1250000;3;50;Carbink;0;703;50;150;50;rock;fairy;57;6;0
['Frisk', 'Competitive', 'Shadow Tag'];30;200;Fixation Pokémon;50;1059860;4;45;Gothita;246;574;55;65;45;psychic;None;58;5;0
['Chlorophyll', 'Healer'];80;45;Flower Pokémon;95;1059860;4;75;Bellossom;50;182;90;100;50;grass;None;58;2;0
['Cute Charm', 'Technician', 'Skill Link'];50;255;Chinchilla Pokémon;40;800000;4;55;Minccino;246;572;40;40;75;normal;None;58;5;0
['Torrent', 'Shell Armor'];55;45;Sea Otter Pokémon;45;1059860;5;55;Oshawott;881;501;63;45;45;water;None;59;5;0
['Swarm', 'Shed Skin', 'No Guard'];75;200;Clamping Pokémon;45;1000000;5;50;Karrablast;50;588;40;45;60;bug;None;59;5;0
['Run Away', 'Keen Eye', 'Frisk'];46;255;Scout Pokémon;34;1000000;8;35;Sentret;50;161;35;45;20;normal;None;60;2;0
['Magnet Pull', 'Sturdy', 'Analytic'];35;190;Magnet Pokémon;70;1000000;3;25;Magnemite;0;81;95;55;45;electric;steel;60;1;0
['Stakeout', 'Strong Jaw', 'Adaptability'];70;255;Loitering Pokémon;30;1000000;4;48;Yungoos;50;734;30;30;45;normal;None;60;7;0
['Oblivious', 'Forewarn', 'Hydration'];30;45;Kiss Pokémon;15;1000000;4;45;Smoochum;0;238;85;65;65;ice;psychic;60;2;0
['Dry Skin', 'Sand Veil', 'Solar Power'];38;190;Generator Pokémon;33;1000000;5;44;Helioptile;50;694;61;43;70;electric;normal;60;6;0
['Static', 'Lightningrod'];55;190;Mouse Pokémon;40;1000000;4;35;Pikachu;50;25;50;50;90;electric;None;60;1;0
['Blaze', 'Iron Fist'];58;45;Chimp Pokémon;44;1059860;5;44;Chimchar;881;390;58;44;61;fire;None;62;4;0
['Sticky Hold', 'Storm Drain', 'Sand Force'];48;190;Sea Slug Pokémon;48;1000000;3;76;Shellos;50;422;57;62;34;water;None;63;4;0
['Overgrow', 'Leaf Guard'];49;45;Leaf Pokémon;65;1059860;9;45;Chikorita;881;152;49;65;45;grass;None;64;2;0
['Chlorophyll', 'Gluttony'];90;120;Flycatcher Pokémon;50;1059860;10;65;Weepinbell;50;70;85;45;55;grass;poison;64;1;0
['Rock Head', 'Lightningrod', 'Battle Armor'];50;190;Lonely Pokémon;95;1000000;4;50;Cubone;50;104;40;50;35;ground;None;65;1;0
['Anticipation', 'Overcoat'];69;45;Bagworm Pokémon;95;1000000;5;60;Wormadam;0;413;69;95;36;bug;grass;65;4;0
['Oblivious', 'Snow Cloak', 'Thick Fat'];50;225;Pig Pokémon;40;1250000;4;50;Swinub;50;220;30;30;50;ice;ground;65;2;0
['Hyper Cutter', 'Shell Armor', 'Sheer Force'];105;225;River Crab Pokémon;90;1000000;4;30;Krabby;50;98;25;25;50;water;None;65;1;0
['Run Away', 'Adaptability', 'Anticipation'];55;45;Evolution Pokémon;50;1000000;3;55;Eevee;881;133;45;65;55;normal;None;65;1;0
['Serene Grace'];128;3;Melody Pokémon;90;1250000;6;100;Meloetta;0;648;77;77;128;normal;psychic;65;5;1
['Chlorophyll', 'Own Tempo', 'Leaf Guard'];35;190;Bulb Pokémon;50;1000000;5;45;Petilil;0;548;70;50;30;grass;None;66;5;0
['Synchronize', 'Trace', 'Telepathy'];25;235;Feeling Pokémon;25;1250000;4;28;Ralts;50;280;45;35;40;psychic;fairy;66;3;0
['Prankster', 'Infiltrator', 'Chlorophyll'];67;75;Windveiled Pokémon;85;1000000;7;60;Whimsicott;50;547;77;75;116;grass;fairy;66;5;0
['Fluffy', 'Klutz', 'Cute Charm'];75;140;Flailing Pokémon;50;1000000;5;70;Stufful;50;759;45;50;50;normal;fighting;68;7;0
['Overgrow', 'Chlorophyll'];49;45;Seed Pokémon;49;1059860;7;45;Bulbasaur;881;1;65;65;45;grass;poison;69;1;0
['Intimidate', 'Shed Skin', 'Unnerve'];60;255;Snake Pokémon;44;1000000;20;35;Ekans;50;23;40;54;55;poison;None;69;1;0
['Natural Cure', 'Frisk', 'Harvest'];70;120;Stump Pokémon;48;1000000;4;43;Phantump;50;708;50;60;38;ghost;grass;70;6;0
['Poison Point', 'Rivalry', 'Hustle'];47;235;Poison Pin Pokémon;52;1059860;4;55;Nidoran?;0;29;40;40;41;poison;None;70;1;0
['Hyper Cutter', 'Iron Fist', 'Anger Point'];82;225;Boxing Pokémon;57;1000000;6;47;Crabrawler;50;739;42;47;63;fighting;None;70;7;0
['Swift Swim', 'Storm Drain', 'Water Veil'];49;190;Wing Fish Pokémon;56;600000;4;49;Finneon;50;456;49;61;66;water;None;70;4;0
['Torrent', 'Protean'];56;45;Bubble Frog Pokémon;40;1059860;3;41;Froakie;881;656;62;44;71;water;None;70;6;0
['Sturdy', 'Overcoat'];65;190;Bagworm Pokémon;90;1000000;6;50;Pineco;50;204;35;35;15;bug;None;72;2;0
['Poison Point', 'Poison Touch', 'Adaptability'];60;225;Mock Kelp Pokémon;60;1000000;5;50;Skrelp;50;690;60;60;30;poison;water;73;6;0
['Leaf Guard', 'Chlorophyll', 'Overcoat'];63;120;Leaf-Wrapped Pokémon;90;1059860;5;55;Swadloon;50;541;50;80;42;bug;grass;73;5;0
['Swift Swim', 'Oblivious', 'Adaptability'];15;255;Fish Pokémon;20;600000;6;20;Feebas;50;349;10;55;80;water;None;74;3;0
['Cute Charm', 'Magic Guard', 'Friend Guard'];45;150;Fairy Pokémon;48;800000;6;70;Clefairy;246;35;60;65;35;fairy;None;75;1;0
['Swift Swim', 'Shell Armor', 'Weak Armor'];40;45;Spiral Pokémon;100;1000000;4;35;Omanyte;881;138;90;55;35;rock;water;75;1;0
['Torrent', 'Liquid Voice'];54;45;Sea Lion Pokémon;54;1059860;4;50;Popplio;881;728;66;56;40;water;None;75;7;0
['Inner Focus', 'Infiltrator'];45;255;Bat Pokémon;35;1000000;8;40;Zubat;50;41;30;40;55;poison;flying;75;1;0
['Cute Charm', 'Technician', 'Skill Link'];95;60;Scarf Pokémon;60;800000;5;75;Cinccino;246;573;65;60;115;normal;None;75;5;0
['Torrent', 'Damp'];70;45;Mud Fish Pokémon;50;1059860;4;50;Mudkip;881;258;50;50;40;water;None;76;3;0
['Hydration', 'Shell Armor', 'Overcoat'];40;200;Snail Pokémon;85;1000000;4;50;Shelmet;50;616;40;65;25;bug;None;77;5;0
['Intimidate', 'Run Away', 'Rattled'];80;190;Fairy Pokémon;50;800000;6;60;Snubbull;246;209;40;40;30;fairy;None;78;2;0
['Static', 'Plus'];40;235;Wool Pokémon;40;1059860;6;55;Mareep;50;179;65;45;35;electric;None;78;2;0
['Blaze', 'Flash Fire'];52;45;Fire Mouse Pokémon;43;1059860;5;39;Cyndaquil;881;155;60;50;65;fire;None;79;2;0
['Overcoat', 'Magic Guard', 'Regenerator'];40;100;Mitosis Pokémon;50;1059860;6;65;Duosion;50;578;125;60;30;psychic;None;80;5;0
['Iron Fist', 'Mold Breaker', 'Scrappy'];82;220;Playful Pokémon;62;1000000;6;67;Pancham;50;674;46;48;43;fighting;None;80;6;0
['Merciless', 'Limber', 'Regenerator'];53;190;Brutal Star Pokémon;62;1000000;4;50;Mareanie;50;747;43;52;45;poison;water;80;7;0
['Frisk', 'Infiltrator', 'Telepathy'];30;190;Sound Wave Pokémon;35;1000000;5;40;Noibat;50;714;45;40;55;flying;dragon;80;6;0
['Swift Swim', 'Sniper', 'Damp'];40;225;Dragon Pokémon;70;1000000;4;30;Horsea;50;116;70;25;60;water;None;80;1;0
['Overgrow', 'Contrary'];45;45;Grass Snake Pokémon;55;1059860;6;45;Snivy;881;495;45;55;63;grass;None;81;5;0
['Leaf Guard', 'Oblivious', 'Sweet Veil'];40;120;Fruit Pokémon;48;1059860;7;52;Steenee;0;762;40;48;62;grass;None;82;7;0
['Mega Launcher'];53;225;Water Gun Pokémon;62;1250000;5;50;Clauncher;50;692;58;63;44;water;None;83;6;0
['Shed Skin', 'Friend Guard'];22;120;Scatterdust Pokémon;60;1000000;3;45;Spewpa;50;665;27;30;29;bug;None;84;6;0
['Damp', 'Water Absorb', 'Unaware'];45;255;Water Fish Pokémon;45;1000000;4;55;Wooper;50;194;25;25;15;water;ground;85;2;0
['Swarm', 'Insomnia', 'Sniper'];60;255;String Spit Pokémon;40;800000;5;40;Spinarak;50;167;40;40;30;bug;poison;85;2;0
['Chlorophyll', 'Solar Power', 'Early Bird'];75;120;Sun Pokémon;55;1059860;8;75;Sunflora;50;192;105;85;30;grass;None;85;2;0
['Snow Cloak', 'Slush Rush', 'Rattled'];70;120;Chill Pokémon;40;1000000;5;55;Cubchoo;50;613;60;40;40;ice;None;85;5;0
['Thick Fat', 'Huge Power', 'Sap Sipper'];20;190;Aquamouse Pokémon;50;800000;4;70;Marill;50;183;20;50;40;water;fairy;85;2;0
['Blaze', 'Solar Power'];52;45;Lizard Pokémon;43;1059860;6;39;Charmander;881;4;60;50;65;fire;None;85;1;0
['Sand Rush', 'Sand Force', 'Mold Breaker'];85;120;Mole Pokémon;40;1000000;3;60;Drilbur;50;529;30;45;68;ground;None;85;5;0
['Keen Eye', 'Infiltrator', 'Prankster', 'Competitive'];48;75;Constraint Pokémon;76;1000000;6;74;Meowstic;50;678;83;81;104;psychic;None;85;6;0
['Chlorophyll', 'Stench'];65;120;Weed Pokémon;70;1059860;8;60;Gloom;50;44;85;75;40;grass;poison;86;1;0
['Swift Swim', 'Hydration'];30;225;Rendezvous Pokémon;55;800000;6;43;Luvdisc;246;370;40;65;97;water;None;87;3;0
['Pickup', 'Quick Feet', 'Honey Gather'];80;120;Little Bear Pokémon;50;1000000;6;60;Teddiursa;50;216;50;50;40;normal;None;88;2;0
['Clear Body'];160;3;Jewel Pokémon;110;1250000;7;50;Diancie;0;719;160;110;110;rock;fairy;88;6;1
['Telepathy', 'Synchronize', 'Analytic'];55;255;Cerebral Pokémon;55;1000000;5;55;Elgyem;50;605;85;55;30;psychic;None;90;5;0
['Overgrow', 'Bulletproof'];61;45;Spiky Nut Pokémon;65;1059860;4;56;Chespin;881;650;48;45;38;grass;None;90;6;0
['Torrent', 'Rain Dish'];48;45;Tiny Turtle Pokémon;65;1059860;5;44;Squirtle;881;7;50;64;43;water;None;90;1;0
['Poison Point', 'Rivalry', 'Hustle'];57;235;Poison Pin Pokémon;40;1059860;5;46;Nidoran?;100;32;40;40;50;poison;None;90;1;0
['Big Pecks', 'Overcoat', 'Weak Armor'];55;190;Diapered Pokémon;75;1250000;5;70;Vullaby;0;629;45;65;60;dark;flying;90;5;0
['Keen Eye', 'Vital Spirit', 'Steadfast'];65;190;Puppy Pokémon;40;1000000;5;45;Rockruff;50;744;30;40;60;rock;None;92;7;0
['Flower Gift'];60;75;Blossom Pokémon;70;1000000;5;70;Cherrim;50;421;87;78;85;grass;None;93;4;0
['Blaze', 'Magician'];45;45;Fox Pokémon;40;1059860;4;40;Fennekin;881;653;62;60;60;fire;None;94;6;0
['Torrent', 'Sheer Force'];65;45;Big Jaw Pokémon;64;1059860;6;50;Totodile;881;158;44;48;43;water;None;95;2;0
['Rivalry', 'Intimidate', 'Guts'];65;235;Flash Pokémon;34;1059860;5;45;Shinx;50;403;40;34;45;electric;None;95;4;0
['Levitate'];90;60;Poison Gas Pokémon;120;1000000;12;65;Weezing;50;110;85;70;60;poison;None;95;1;0
['Defeatist'];112;45;First Bird Pokémon;45;1000000;5;55;Archen;881;566;74;45;70;rock;flying;95;5;0
['Keen Eye', 'Hydration', 'Rain Dish'];30;190;Seagull Pokémon;30;1000000;6;40;Wingull;50;278;55;30;85;water;flying;95;3;0
['Shed Skin'];20;120;Cocoon Pokémon;55;1000000;7;50;Metapod;50;11;25;25;30;bug;None;99;1;0
['Blaze', 'Thick Fat'];63;45;Fire Pig Pokémon;45;1059860;5;65;Tepig;881;498;45;45;45;fire;None;99;5;0
['Shed Skin'];35;120;Cocoon Pokémon;55;1000000;6;50;Silcoon;50;266;25;25;15;bug;None;100;3;0
['Shed Skin'];25;120;Cocoon Pokémon;50;1000000;6;45;Kakuna;50;14;25;25;35;bug;poison;100;1;0
['Flower Veil', 'Symbiosis'];65;45;Garden Pokémon;68;1000000;11;78;Florges;0;671;112;154;75;fairy;None;100;6;0
['Swift Swim', 'Rattled'];10;255;Fish Pokémon;55;1250000;9;20;Magikarp;50;129;15;20;80;water;None;100;1;0
['Limber', 'Unburden', 'Prankster'];50;255;Devious Pokémon;37;1000000;4;41;Purrloin;50;509;50;37;66;dark;None;101;5;0
['Overgrow', 'Shell Armor'];68;45;Tiny Leaf Pokémon;64;1059860;4;55;Turtwig;881;387;45;55;31;grass;None;102;4;0
['Defiant', 'Inner Focus', 'Pressure'];85;120;Sharp Blade Pokémon;70;1000000;5;45;Pawniard;50;624;40;40;60;dark;steel;102;5;0
['Liquid Ooze', 'Sticky Hold', 'Gluttony'];43;225;Stomach Pokémon;53;1640000;4;70;Gulpin;50;316;43;53;40;poison;None;103;3;0
['Soundproof', 'Static', 'Aftermath'];30;190;Ball Pokémon;50;1000000;5;40;Voltorb;0;100;55;55;100;electric;None;104;1;0
['Effect Spore', 'Regenerator'];85;75;Mushroom Pokémon;70;1000000;6;114;Amoonguss;50;591;85;80;30;grass;poison;105;5;0
['Battery'];82;120;Battery Pokémon;95;1000000;5;57;Charjabug;50;737;55;75;36;bug;electric;105;7;0
['Keen Eye', 'Sheer Force', 'Hustle'];83;190;Eaglet Pokémon;50;1250000;5;70;Rufflet;100;627;37;50;60;normal;flying;105;5;0
['Gluttony', 'Overgrow'];53;190;Grass Monkey Pokémon;48;1000000;6;50;Pansage;881;511;53;48;64;grass;None;105;5;0
['Unaware', 'Klutz', 'Simple'];57;45;Courting Pokémon;55;1000000;9;67;Swoobat;50;528;77;55;114;psychic;flying;105;5;0
['Swarm', 'Early Bird', 'Rattled'];20;255;Five Star Pokémon;30;800000;10;40;Ledyba;50;165;40;80;55;bug;flying;108;2;0
['Early Bird', 'Flash Fire', 'Unnerve'];60;120;Dark Pokémon;30;1250000;6;45;Houndour;50;228;80;50;65;dark;fire;108;2;0
['Torrent', 'Protean'];63;45;Bubble Frog Pokémon;52;1059860;6;54;Frogadier;881;657;83;56;97;water;None;109;6;0
['Keen Eye', 'Stall', 'Prankster'];85;45;Darkness Pokémon;125;1059860;5;50;Sableye;50;302;85;115;20;dark;ghost;110;3;0
['Static', 'Limber', 'Sand Veil'];66;75;Trap Pokémon;84;1000000;7;109;Stunfisk;50;618;81;99;32;ground;electric;110;5;0
['Cute Charm', 'Normalize', 'Wonder Skin '];45;255;Kitten Pokémon;45;800000;6;50;Skitty;246;300;35;35;50;normal;None;110;3;0
['Gluttony', 'Blaze'];53;190;High Temp Pokémon;48;1000000;6;50;Pansear;881;513;53;48;64;fire;None;110;5;0
['Pure Power', 'Telepathy'];40;180;Meditate Pokémon;55;1000000;6;30;Meditite;50;307;40;55;60;fighting;psychic;112;3;0
['Shed Skin'];35;120;Cocoon Pokémon;55;1000000;7;50;Cascoon;50;268;25;25;15;bug;None;115;3;0
['Illuminate', 'Effect Spore', 'Rain Dish'];45;75;Illuminating Pokémon;80;1000000;10;60;Shiinotic;50;756;90;100;30;grass;fairy;115;7;0
['Hyper Cutter', 'Shell Armor', 'Adaptability'];80;205;Ruffian Pokémon;65;1640000;6;43;Corphish;50;341;50;35;35;water;None;115;3;0
['Hyper Cutter', 'Intimidate', 'Sheer Force'];105;45;Deceiver Pokémon;125;800000;6;50;Mawile;50;303;55;95;50;steel;fairy;115;3;0
['Swift Swim', 'Battle Armor', 'Weak Armor'];80;45;Shellfish Pokémon;90;1000000;5;30;Kabuto;881;140;55;45;55;rock;water;115;1;0
['Run Away', 'Pickup', 'Skill Link'];70;45;Long Tail Pokémon;55;800000;8;55;Aipom;50;190;40;55;85;normal;None;115;2;0
['Run Away', 'Keen Eye', 'Analytic'];55;255;Scout Pokémon;39;1000000;5;45;Patrat;50;504;35;39;42;normal;None;116;5;0
['Shed Skin', 'Moxie', 'Intimidate'];75;180;Shedding Pokémon;70;1000000;6;50;Scraggy;50;559;35;70;48;dark;fighting;118;5;0
['Cute Charm', 'Competitive', 'Frisk'];70;50;Balloon Pokémon;45;800000;10;140;Wigglytuff;246;40;85;50;45;normal;fairy;120;1;0
['Battle Armor', 'Sniper', 'Keen Eye'];50;120;Scorpion Pokémon;90;1250000;8;40;Skorupi;50;451;30;55;65;poison;bug;120;4;0
['Hustle', 'Sniper', 'Moody'];65;190;Jet Pokémon;35;1000000;6;35;Remoraid;50;223;65;35;65;water;None;120;2;0
['Volt Absorb', 'Illuminate', 'Water Absorb'];38;190;Angler Pokémon;38;1250000;5;75;Chinchou;50;170;56;56;67;water;electric;120;2;0
['Wimp Out'];35;90;Turn Tail Pokémon;40;1000000;5;25;Wimpod;50;767;20;30;80;bug;water;120;7;0
['Speed Boost', 'Infiltrator'];90;120;Ninja Pokémon;45;600000;8;61;Ninjask;50;291;50;50;160;bug;flying;120;3;0
['Water Absorb', 'Damp', 'Swift Swim'];50;255;Tadpole Pokémon;40;1059860;6;40;Poliwag;50;60;40;40;90;water;None;124;1;0
['Guts', 'Sheer Force', 'Iron Fist'];80;180;Muscular Pokémon;55;1059860;6;75;Timburr;754;532;25;35;35;fighting;None;125;5;0
['Illusion'];65;75;Tricky Fox Pokémon;40;1059860;7;40;Zorua;881;570;80;40;65;dark;None;125;5;0
['Insomnia', 'Frisk', 'Cursed Body'];165;45;Marionette Pokémon;75;800000;11;64;Banette;50;354;93;83;75;ghost;None;125;3;0
['Battle Armor', 'Swift Swim'];95;45;Old Shrimp Pokémon;50;600000;7;45;Anorith;881;347;40;50;75;rock;bug;125;3;0
['Shield Dust', 'Tinted Lens', 'Wonder Skin '];65;75;Poison Moth Pokémon;60;1000000;15;70;Venomoth;50;49;90;75;90;bug;poison;125;1;0
['Flash Fire', 'Flame Body', 'Infiltrator'];40;90;Lamp Pokémon;60;1059860;6;60;Lampent;50;608;95;60;55;ghost;fire;130;5;0
['Overgrow', 'Chlorophyll'];62;45;Seed Pokémon;63;1059860;10;60;Ivysaur;881;2;80;80;60;grass;poison;130;1;0
['Soundproof', 'Filter', 'Technician'];25;145;Mime Pokémon;45;1000000;6;20;Mime Jr.;50;439;70;90;60;psychic;fairy;130;4;0
['Static', 'Plus'];55;120;Wool Pokémon;55;1059860;8;70;Flaaffy;50;180;80;60;45;electric;None;133;2;0
['Gluttony', 'Torrent'];53;190;Spray Pokémon;48;1000000;6;50;Panpour;881;515;53;48;64;water;None;135;5;0
['Rivalry', 'Unnerve', 'Moxie'];50;220;Lion Cub Pokémon;58;1059860;6;62;Litleo;112;667;73;54;72;fire;normal;135;6;0
['Run Away', 'Quick Feet', 'Rattled'];55;255;Bite Pokémon;35;1000000;5;35;Poochyena;50;261;30;30;35;dark;None;136;3;0
['Shadow Tag', 'Telepathy'];23;125;Bright Pokémon;48;1000000;6;95;Wynaut;50;360;23;48;23;psychic;None;140;3;0
['Serene Grace', 'Run Away', 'Rattled'];70;190;Land Snake Pokémon;70;1000000;15;100;Dunsparce;50;206;65;65;45;normal;None;140;2;0
['Wonder Skin ', 'Magic Guard', 'Tinted Lens'];58;45;Avianoid Pokémon;80;1000000;14;72;Sigilyph;50;561;103;80;97;psychic;flying;140;5;0
['Stakeout', 'Strong Jaw', 'Adaptability'];110;127;Stakeout Pokémon;60;1000000;7;88;Gumshoos;50;735;55;60;45;normal;None;142;7;0
['Compoundeyes', 'Unnerve', 'Swarm'];77;75;EleSpider Pokémon;60;1000000;8;70;Galvantula;50;596;97;60;108;bug;electric;143;5;0
['Merciless', 'Limber', 'Regenerator'];63;75;Brutal Star Pokémon;152;1000000;7;50;Toxapex;50;748;53;142;35;poison;water;145;7;0
['Sturdy', 'Shell Armor', 'Weak Armor'];65;190;Rock Inn Pokémon;85;1000000;3;50;Dwebble;50;557;35;35;55;bug;rock;145;5;0
['Blaze', 'Magician'];59;45;Fox Pokémon;58;1059860;10;59;Braixen;881;654;90;70;73;fire;None;145;6;0
['Natural Cure', 'Poison Point', 'Technician'];70;75;Bouquet Pokémon;65;1059860;9;60;Roserade;50;407;125;105;90;grass;poison;145;4;0
['Intimidate', 'Sand Rush', 'Scrappy'];80;120;Loyal Dog Pokémon;65;1059860;9;65;Herdier;50;507;35;65;60;normal;None;147;5;0
['Keen Eye', 'Skill Link', 'Pickup'];85;120;Bugle Beak Pokémon;50;1000000;6;55;Trumbeak;50;732;40;50;75;normal;flying;148;7;0
['Hyper Cutter', 'Arena Trap', 'Sheer Force'];100;255;Ant Pit Pokémon;45;1059860;7;45;Trapinch;50;328;45;45;10;ground;None;150;3;0
['Sturdy', 'Rock Head', 'Rattled'];80;255;Bonsai Pokémon;95;1000000;5;50;Bonsly;50;438;10;45;10;rock;None;150;4;0
['Levitate', 'Frisk'];40;190;Requiem Pokémon;90;800000;8;20;Duskull;50;355;30;90;25;ghost;None;150;3;0
['Pickup', 'Frisk', 'Insomnia'];66;120;Pumpkin Pokémon;70;1000000;8;59;Pumpkaboo;50;710;44;55;41;ghost;grass;150;6;0
['Keen Eye', 'Inner Focus', 'Defiant'];90;45;Wild Duck Pokémon;55;1000000;8;52;Farfetch'd;50;83;58;62;60;normal;flying;150;1;0
['Swift Swim', 'Water Veil', 'Lightningrod'];67;225;Goldfish Pokémon;60;1000000;6;45;Goldeen;50;118;35;50;63;water;None;150;1;0
['Big Pecks', 'Super Luck', 'Rivalry'];77;120;Wild Pigeon Pokémon;62;1059860;6;62;Tranquill;50;520;50;42;65;normal;flying;150;5;0
['Aftermath', 'Unburden', 'Flare Boost'];80;60;Blimp Pokémon;44;1640000;12;150;Drifblim;50;426;90;54;80;ghost;flying;150;4;0
['Synchronize', 'Early Bird', 'Magic Bounce'];75;75;Mystic Pokémon;70;1000000;15;65;Xatu;50;178;95;70;95;psychic;flying;150;2;0
['Static', 'Lightningrod', 'Minus'];45;120;Lightning Pokémon;40;1250000;6;40;Electrike;50;309;65;40;65;electric;None;152;3;0
['Intimidate', 'Moxie', 'Anger Point'];72;180;Desert Croc Pokémon;35;1059860;7;50;Sandile;50;551;35;35;65;ground;dark;152;5;0
['Levitate'];70;120;Vibration Pokémon;50;1059860;11;50;Vibrava;50;329;50;50;70;ground;dragon;153;3;0
['Healer', 'Aroma Veil'];72;140;Fragrance Pokémon;72;1000000;8;101;Aromatisse;50;683;99;89;29;fairy;None;155;6;0
['Chlorophyll', 'Gluttony'];105;45;Flycatcher Pokémon;65;1059860;17;80;Victreebel;50;71;100;70;70;grass;poison;155;1;0
['Intimidate', 'Reckless'];75;120;Starling Pokémon;50;1059860;6;55;Staravia;50;397;40;40;80;normal;flying;155;4;0
['Overgrow', 'Leaf Guard'];62;45;Leaf Pokémon;80;1059860;12;60;Bayleef;881;153;63;80;60;grass;None;158;2;0
['Overgrow', 'Long Reach'];75;45;Blade Quill Pokémon;75;1059860;7;78;Dartrix;881;723;70;70;52;grass;flying;160;7;0
['Vital Spirit', 'Hustle', 'Insomnia'];55;45;Delivery Pokémon;45;800000;9;45;Delibird;50;225;65;45;75;ice;flying;160;2;0
['Overgrow', 'Contrary'];60;45;Grass Snake Pokémon;75;1059860;8;60;Servine;881;496;60;75;83;grass;None;160;5;0
['Flame Body', 'Gale Wings'];73;120;Ember Pokémon;55;1059860;7;62;Fletchinder;50;662;56;52;84;fire;flying;160;6;0
['Soundproof', 'Rattled'];51;190;Whisper Pokémon;23;1059860;6;64;Whismur;50;293;51;23;28;normal;None;163;3;0
['Chlorophyll', 'Own Tempo', 'Leaf Guard'];60;75;Flowering Pokémon;75;1000000;11;70;Lilligant;0;549;110;75;90;grass;None;163;5;0
['Solid Rock', 'Sturdy', 'Swift Swim'];78;45;Prototurtle Pokémon;103;1000000;7;54;Tirtouga;881;564;53;45;22;water;rock;165;5;0
['Shed Skin', 'Marvel Scale'];84;45;Dragon Pokémon;65;1250000;40;61;Dragonair;50;148;70;70;70;dragon;None;165;1;0
['Inner Focus', 'Ice Body', 'Moody'];50;190;Snow Hat Pokémon;50;1000000;7;50;Snorunt;50;361;50;50;50;ice;None;168;3;0
['Swift Swim', 'Hydration', 'Water Absorb'];65;120;Vibration Pokémon;55;1059860;8;75;Palpitoad;50;536;65;55;69;water;ground;170;5;0
['Shield Dust', 'Compoundeyes', 'Friend Guard'];52;45;Scale Pokémon;50;1000000;12;80;Vivillon;50;666;90;50;89;bug;flying;170;6;0
['Hustle'];65;45;Irate Pokémon;50;1250000;8;52;Deino;50;633;45;50;38;dark;dragon;173;5;0
['Torrent', 'Liquid Voice'];69;45;Pop Star Pokémon;69;1059860;6;60;Brionne;881;729;91;81;50;water;None;175;7;0
['Sap Sipper', 'Hydration', 'Gooey'];75;45;Soft Tissue Pokémon;53;1250000;8;68;Sliggoo;50;705;83;113;60;dragon;None;175;6;0
['Pickup', 'Gluttony', 'Quick Feet'];30;255;Tiny Racoon Pokémon;41;1000000;4;38;Zigzagoon;50;263;30;41;60;normal;None;175;3;0
['Illuminate', 'Swarm', 'Prankster'];73;150;Firefly Pokémon;75;600000;7;65;Volbeat;100;313;47;85;85;bug;None;177;3;0
['Oblivious', 'Tinted Lens', 'Prankster'];47;150;Firefly Pokémon;75;1640000;6;65;Illumise;0;314;73;85;85;bug;None;177;3;0
['Sturdy', 'Weak Armor', 'Sand Force'];75;255;Mantle Pokémon;85;1059860;4;55;Roggenrola;50;524;25;25;15;rock;None;180;5;0
['Frisk', 'Competitive', 'Shadow Tag'];45;100;Manipulate Pokémon;70;1059860;7;60;Gothorita;246;575;75;85;55;psychic;None;180;5;0
['Rivalry', 'Mold Breaker', 'Unnerve'];87;75;Tusk Pokémon;60;1250000;6;46;Axew;50;610;30;40;57;dragon;None;180;5;0
['Reckless', 'Rock Head', 'Adaptability', 'Mold Breaker'];92;25;Hostile Pokémon;65;1000000;10;70;Basculin;50;550;80;55;98;water;None;180;5;0
['Leaf Guard', 'Contrary'];105;75;Bloom Sickle Pokémon;90;1000000;9;70;Lurantis;50;754;80;90;45;grass;None;185;7;0
['Chlorophyll', 'Effect Spore'];80;45;Flower Pokémon;85;1059860;12;75;Vileplume;50;45;110;90;50;grass;poison;186;1;0
['Psychic Surge', 'Telepathy'];85;3;Land Spirit Pokémon;75;1250000;12;70;Tapu Lele;0;786;130;115;95;psychic;fairy;186;7;1
['Iron Barbs'];50;255;Thorn Seed Pokémon;91;1000000;6;44;Ferroseed;50;597;24;86;10;grass;steel;188;5;0
['Intimidate', 'Flash Fire', 'Justified'];70;190;Puppy Pokémon;45;1250000;7;55;Growlithe;754;58;70;50;60;fire;None;190;1;0
['Blaze', 'Solar Power'];64;45;Flame Pokémon;58;1059860;11;58;Charmeleon;881;5;80;65;80;fire;None;190;1;0
['Blaze', 'Flash Fire'];64;45;Volcano Pokémon;58;1059860;9;58;Quilava;881;156;80;65;80;fire;None;190;2;0
['Dazzling', 'Strong Jaw', 'Wonder Skin '];105;80;Gnash Teeth Pokémon;70;1000000;9;68;Bruxish;50;779;70;70;92;water;psychic;190;7;0
['Stench', 'Aftermath', 'Keen Eye'];63;225;Skunk Pokémon;47;1000000;4;63;Stunky;50;434;41;41;74;poison;dark;192;4;0
['Guts', 'No Guard', 'Steadfast'];80;180;Superpower Pokémon;50;1059860;8;70;Machop;754;66;35;35;35;fighting;None;195;1;0
['Blaze', 'Speed Boost'];85;45;Young Fowl Pokémon;60;1059860;9;60;Combusken;881;256;85;60;55;fire;fighting;195;3;0
['Poison Point', 'Rivalry', 'Hustle'];72;120;Poison Pin Pokémon;57;1059860;9;61;Nidorino;100;33;55;55;65;poison;None;195;1;0
['Chlorophyll', 'Sap Sipper', 'Serene Grace'];60;190;Season Pokémon;50;1000000;6;60;Deerling;50;585;40;50;75;normal;grass;195;5;0
['Synchronize', 'Inner Focus', 'Magic Guard'];20;200;Psi Pokémon;15;1059860;9;25;Abra;754;63;105;55;90;psychic;None;195;1;0
['Damp', 'Cloud Nine', 'Swift Swim'];52;190;Duck Pokémon;48;1000000;8;50;Psyduck;50;54;65;50;55;water;None;196;1;0
['Guts', 'Scrappy'];85;45;Swallow Pokémon;60;1059860;7;60;Swellow;50;277;75;50;125;normal;flying;198;3;0
['Comatose'];115;45;Drowsing Pokémon;65;1250000;4;65;Komala;50;775;75;95;65;normal;None;199;7;0
['Simple', 'Unaware', 'Moody'];45;255;Plump Mouse Pokémon;40;1000000;5;59;Bidoof;50;399;35;40;31;normal;None;200;4;0
['Poison Point', 'Rivalry', 'Hustle'];62;120;Poison Pin Pokémon;67;1059860;8;70;Nidorina;0;30;55;55;56;poison;None;200;1;0
['Inner Focus', 'Regenerator', 'Reckless'];85;180;Martial Arts Pokémon;50;1059860;9;45;Mienfoo;50;619;55;50;65;fighting;None;200;5;0
['Water Absorb', 'Damp', 'Swift Swim'];65;120;Tadpole Pokémon;65;1059860;10;65;Poliwhirl;50;61;50;50;90;water;None;200;1;0
['Overcoat', 'Magic Guard', 'Regenerator'];65;50;Multiplying Pokémon;75;1059860;10;110;Reuniclus;50;579;125;85;30;psychic;None;201;5;0
['Synchronize', 'Trace', 'Telepathy'];35;120;Emotion Pokémon;35;1250000;8;38;Kirlia;50;281;65;55;50;psychic;fairy;202;3;0
['Steadfast', 'Inner Focus', 'Prankster'];70;75;Emanation Pokémon;40;1059860;7;40;Riolu;881;447;35;40;60;fighting;None;202;4;0
['Technician', 'Pickup', 'Skill Link'];100;45;Long Tail Pokémon;66;800000;12;75;Ambipom;50;424;60;66;115;normal;None;203;4;0
['Sturdy', 'Gluttony', 'Contrary'];10;190;Mold Pokémon;230;1059860;6;20;Shuckle;50;213;10;230;5;bug;rock;205;2;0
['Sand Veil', 'Rough Skin'];70;45;Land Shark Pokémon;45;1250000;7;58;Gible;50;443;40;45;42;dragon;ground;205;4;0
['Swarm', 'Chlorophyll', 'Overcoat'];103;45;Nurturing Pokémon;80;1059860;12;75;Leavanny;50;542;70;80;92;bug;grass;205;5;0
['Electric Surge', 'Telepathy'];115;3;Land Spirit Pokémon;85;1250000;18;70;Tapu Koko;0;785;95;75;130;electric;fairy;205;7;1
['Natural Cure', 'Cloud Nine'];110;45;Humming Pokémon;110;600000;11;75;Altaria;50;334;110;105;80;dragon;flying;206;3;0
['Rough Skin', 'Speed Boost'];90;225;Savage Pokémon;20;1250000;8;45;Carvanha;50;318;65;20;65;water;dark;208;3;0
['Plus', 'Minus', 'Clear Body'];55;130;Gear Pokémon;70;1059860;3;40;Klink;0;599;45;60;30;steel;None;210;5;0
['Guts', 'Steadfast', 'Vital Spirit'];35;75;Scuffle Pokémon;35;1000000;7;35;Tyrogue;100;236;35;35;35;fighting;None;210;2;0
['Dry Skin', 'Sand Veil', 'Solar Power'];55;75;Generator Pokémon;52;1000000;10;62;Heliolisk;50;695;109;94;109;electric;normal;210;6;0
['Insomnia', 'Keen Eye', 'Tinted Lens'];30;255;Owl Pokémon;30;1000000;7;60;Hoothoot;50;163;36;56;50;normal;flying;212;2;0
['Misty Surge', 'Telepathy'];75;3;Land Spirit Pokémon;115;1250000;13;70;Tapu Fini;0;788;95;130;85;water;fairy;212;7;1
['Leaf Guard', 'Queenly Majesty', 'Sweet Veil'];120;45;Fruit Pokémon;98;1059860;12;72;Tsareena;0;763;50;98;72;grass;None;214;7;0
['Flame Body', 'Vital Spirit'];75;45;Live Coal Pokémon;37;1000000;7;45;Magby;754;240;70;55;83;fire;None;214;2;0
['Levitate'];40;255;Clay Doll Pokémon;55;1000000;5;40;Baltoy;0;343;40;70;55;ground;psychic;215;3;0
['Limber', 'Unburden', 'Mold Breaker'];92;100;Wrestling Pokémon;75;1000000;8;78;Hawlucha;50;701;74;63;118;fighting;flying;215;6;0
['Overgrow', 'Unburden'];65;45;Wood Gecko Pokémon;45;1059860;9;50;Grovyle;881;253;85;65;95;grass;None;216;3;0
['Levitate'];85;60;EleFish Pokémon;70;1250000;12;65;Eelektrik;50;603;75;70;40;electric;None;220;5;0
['Color Change', 'Protean'];90;200;Color Swap Pokémon;70;1059860;10;60;Kecleon;50;352;60;120;40;normal;None;220;3;0
['Blaze', 'Iron Fist'];78;45;Playful Pokémon;52;1059860;9;64;Monferno;881;391;78;52;81;fire;fighting;220;4;0
['Corrosion', 'Oblivious'];64;45;Toxic Lizard Pokémon;60;1000000;12;68;Salazzle;0;758;111;60;117;poison;fire;222;7;0
['Torrent', 'Rain Dish'];63;45;Turtle Pokémon;80;1059860;10;59;Wartortle;881;8;65;80;58;water;None;225;1;0
['Volt Absorb', 'Illuminate', 'Water Absorb'];58;75;Light Pokémon;58;1250000;12;125;Lanturn;50;171;76;76;67;water;electric;225;2;0
['Swift Swim', 'Hydration'];84;60;South Sea Pokémon;105;600000;18;55;Gorebyss;50;368;114;75;52;water;None;226;3;0
['Anticipation', 'Dry Skin', 'Poison Touch'];61;140;Toxic Mouth Pokémon;40;1000000;7;48;Croagunk;50;453;61;40;50;poison;fighting;230;4;0
['Torrent', 'Defiant'];66;45;Penguin Pokémon;68;1059860;8;64;Prinplup;881;394;81;76;50;water;None;230;4;0
['Forewarn', 'Synchronize', 'Telepathy'];25;190;Dream Eater Pokémon;45;800000;6;76;Munna;50;517;67;55;24;psychic;None;233;5;0
['Swarm', 'Tinted Lens'];94;45;Moth Pokémon;50;1000000;9;70;Mothim;100;414;94;50;66;bug;flying;233;4;0
['Swift Swim', 'Rock Head', 'Sturdy'];90;25;Longevity Pokémon;130;1250000;10;100;Relicanth;881;369;45;65;55;water;rock;234;3;0
['Cute Charm', 'Pixilate'];65;45;Intertwining Pokémon;65;1000000;10;95;Sylveon;881;700;110;130;60;fairy;None;235;6;0
['Static', 'Vital Spirit'];63;45;Electric Pokémon;37;1000000;6;45;Elekid;754;239;65;55;95;electric;None;235;2;0
['Oblivious', 'Anticipation', 'Hydration'];78;75;Whiskers Pokémon;73;1000000;9;110;Whiscash;50;340;76;71;60;water;ground;236;3;0
['Suction Cups', 'Storm Drain'];41;45;Sea Lily Pokémon;77;600000;10;66;Lileep;881;345;61;87;23;rock;grass;238;3;0
['Truant'];60;255;Slacker Pokémon;60;1250000;8;60;Slakoth;50;287;35;35;30;normal;None;240;3;0
['Oblivious', 'Simple', 'Own Tempo'];60;255;Numb Pokémon;40;1000000;7;60;Numel;50;322;65;45;35;fire;ground;240;3;0
['Swift Swim', 'Storm Drain', 'Water Veil'];69;75;Neon Pokémon;76;600000;12;69;Lumineon;50;457;69;86;91;water;None;240;4;0
['Keen Eye', 'Big Pecks', 'Hydration'];87;45;White Bird Pokémon;63;1000000;13;75;Swanna;50;581;87;63;98;water;flying;242;5;0
['Natural Cure', 'Serene Grace', 'Friend Guard'];5;130;Playhouse Pokémon;5;800000;6;100;Happiny;0;440;15;65;30;normal;None;244;4;0
['Torrent', 'Shell Armor'];75;45;Discipline Pokémon;60;1059860;8;75;Dewott;881;502;83;60;60;water;None;245;5;0
['Flame Body', 'Gale Wings'];81;45;Scorching Pokémon;71;1059860;12;78;Talonflame;50;663;74;69;126;fire;flying;245;6;0
['Volt Absorb', 'Quick Feet'];65;45;Lightning Pokémon;60;1000000;8;65;Jolteon;881;135;110;95;130;electric;None;245;1;0
['Intimidate', 'Reckless'];120;45;Predator Pokémon;70;1059860;12;85;Staraptor;50;398;50;60;100;normal;flying;249;4;0
['Torrent', 'Sheer Force'];80;45;Big Jaw Pokémon;80;1059860;11;65;Croconaw;881;159;59;63;58;water;None;250;2;0
['Flash Fire', 'Guts'];130;45;Flame Pokémon;60;1000000;9;65;Flareon;881;136;95;110;65;fire;None;250;1;0
['Poison Point', 'Sniper', 'Damp'];65;75;Dragon Pokémon;95;1000000;12;55;Seadra;50;117;95;45;85;water;None;250;1;0
['Blaze', 'Intimidate'];85;45;Fire Cat Pokémon;50;1059860;7;65;Torracat;881;726;80;50;90;fire;None;250;7;0
['Beast Boost'];137;255;Lissome Pokémon;37;1250000;18;71;Pheromosa;0;795;137;37;151;bug;fighting;250;7;1
['Refrigerate', 'Snow Warning'];59;45;Tundra Pokémon;50;1000000;13;77;Amaura;881;698;67;63;46;rock;ice;252;6;0
['Hydration', 'Sticky Hold', 'Unburden'];70;75;Shell Out Pokémon;40;1000000;8;80;Accelgor;50;617;100;60;145;bug;None;253;5;0
['Swarm', 'Technician'];85;45;Cricket Pokémon;51;1059860;10;77;Kricketune;50;402;55;51;65;bug;None;255;4;0
['Leaf Guard', 'Chlorophyll'];110;45;Verdant Pokémon;130;1000000;10;65;Leafeon;881;470;60;65;95;grass;None;255;4;0
['Snow Cloak', 'Ice Body'];60;45;Fresh Snow Pokémon;110;1000000;8;65;Glaceon;881;471;130;95;65;ice;None;259;4;0
['Strong Jaw', 'Sturdy'];89;45;Royal Heir Pokémon;77;1000000;8;58;Tyrunt;881;696;45;45;48;rock;dragon;260;6;0
['Keen Eye', 'Skill Link', 'Sheer Force'];120;45;Cannon Pokémon;75;1000000;11;80;Toucannon;50;733;75;75;60;normal;flying;260;7;0
['Synchronize', 'Magic Bounce'];65;45;Sun Pokémon;60;1000000;9;65;Espeon;881;196;130;95;110;psychic;None;265;2;0
['Snow Cloak', 'Cursed Body'];80;75;Snow Land Pokémon;70;1000000;13;70;Froslass;0;478;80;70;110;ice;ghost;266;4;0
['Levitate'];100;200;Bug Catcher Pokémon;72;1250000;14;74;Carnivine;50;455;90;72;46;grass;None;270;4;0
['Swift Swim', 'Water Veil'];104;60;Deep Sea Pokémon;105;600000;17;55;Huntail;50;367;94;75;52;water;None;270;3;0
['Synchronize', 'Inner Focus'];65;45;Moonlight Pokémon;110;1000000;10;95;Umbreon;881;197;60;130;65;dark;None;270;2;0
['Illuminate', 'Keen Eye', 'Analytic'];85;255;Lookout Pokémon;69;1000000;11;60;Watchog;50;505;60;69;77;normal;None;270;5;0
['Insomnia', 'Super Luck', 'Moxie'];125;30;Big Boss Pokémon;52;1059860;9;100;Honchkrow;50;430;105;52;71;dark;flying;273;4;0
['Torrent', 'Damp'];85;45;Mud Fish Pokémon;70;1059860;7;70;Marshtomp;881;259;60;70;50;water;ground;280;3;0
['Chlorophyll', 'Early Bird', 'Pickpocket'];70;120;Wily Pokémon;40;1059860;10;70;Nuzleaf;50;274;60;40;60;grass;dark;280;3;0
['Water Absorb', 'Chlorophyll', 'Storm Drain'];86;255;Cactus Pokémon;67;1000000;10;75;Maractus;50;556;106;67;60;grass;None;280;5;0
['Keen Eye', 'Drizzle', 'Rain Dish'];50;45;Water Bird Pokémon;100;1000000;12;60;Pelipper;50;279;95;70;65;water;flying;280;3;0
['Vital Spirit', 'Anger Point', 'Defiant'];80;190;Pig Monkey Pokémon;35;1000000;5;40;Mankey;50;56;35;45;70;fighting;None;280;1;0
['Gluttony', 'Blaze'];98;75;Ember Pokémon;63;1000000;10;75;Simisear;881;514;98;63;101;fire;None;280;5;0
['Fur Coat'];80;160;Poodle Pokémon;60;1000000;12;75;Furfrou;50;676;65;90;102;normal;None;280;6;0
['Inner Focus', 'Keen Eye', 'Pickpocket'];95;60;Sharp Claw Pokémon;55;1059860;9;55;Sneasel;50;215;35;75;115;dark;ice;280;2;0
['Swarm', 'Rivalry'];70;45;Butterfly Pokémon;50;1000000;10;60;Beautifly;50;267;100;50;65;bug;flying;284;3;0
['Shadow Tag', 'Telepathy'];33;45;Patient Pokémon;58;1000000;13;190;Wobbuffet;50;202;33;58;33;psychic;None;285;2;0
['Suction Cups', 'Sniper', 'Moody'];105;75;Jet Pokémon;75;1000000;9;75;Octillery;50;224;105;75;45;water;None;285;2;0
['Thick Fat', 'Huge Power', 'Sap Sipper'];50;75;Aquarabbit Pokémon;80;800000;8;100;Azumarill;50;184;60;80;50;water;fairy;285;2;0
['Flame Body', 'Swarm'];85;45;Torch Pokémon;55;1250000;11;55;Larvesta;50;636;50;55;60;bug;fire;288;5;0
['Overgrow', 'Bulletproof'];78;45;Spiny Armor Pokémon;95;1059860;7;61;Quilladin;881;651;56;58;57;grass;None;290;6;0
['Water Absorb', 'Hydration'];65;45;Bubble Jet Pokémon;60;1000000;10;130;Vaporeon;881;134;110;95;65;water;None;290;1;0
['Big Pecks', 'Super Luck', 'Rivalry'];115;45;Proud Pokémon;80;1059860;12;80;Unfezant;50;521;65;55;93;normal;flying;290;5;0
['Gluttony', 'Torrent'];98;75;Geyser Pokémon;63;1000000;10;75;Simipour;881;516;98;63;101;water;None;290;5;0
['Effect Spore', 'Dry Skin', 'Damp'];95;75;Mushroom Pokémon;80;1000000;10;60;Parasect;50;47;60;80;30;bug;grass;295;1;0
['Swift Swim', 'Water Veil'];65;190;Sea Weasel Pokémon;35;1000000;7;55;Buizel;50;418;60;30;85;water;None;295;4;0
['Swarm', 'Sniper'];150;45;Poison Bee Pokémon;40;1000000;10;65;Beedrill;50;15;15;80;145;bug;poison;295;1;0
['Bulletproof', 'Soundproof', 'Overcoat'];55;45;Scaly Pokémon;65;1250000;6;45;Jangmo-o;50;782;45;45;45;dragon;None;297;7;0
['Lightningrod', 'Motor Drive', 'Sap Sipper'];60;190;Electrified Pokémon;32;1000000;8;45;Blitzle;50;522;50;32;76;electric;None;298;5;0
['Sticky Hold', 'Storm Drain', 'Sand Force'];83;75;Sea Slug Pokémon;68;1000000;9;111;Gastrodon;50;423;92;82;39;water;ground;299;4;0
['Compoundeyes', 'Tinted Lens', 'Run Away'];55;190;Insect Pokémon;50;1000000;10;60;Venonat;50;48;40;55;45;bug;poison;300;1;0
['Shed Skin', 'Moxie', 'Intimidate'];90;90;Hoodlum Pokémon;115;1000000;11;65;Scrafty;50;560;45;115;58;dark;fighting;300;5;0
['Keen Eye', 'Tangled Feet', 'Big Pecks'];60;120;Bird Pokémon;55;1059860;11;63;Pidgeotto;50;17;50;50;71;normal;flying;300;1;0
['Run Away', 'Flash Fire', 'Flame Body'];85;190;Fire Horse Pokémon;55;1000000;10;50;Ponyta;50;77;65;65;90;fire;None;300;1;0
['Static', 'Vital Spirit'];83;45;Electric Pokémon;57;1000000;11;65;Electabuzz;754;125;95;85;105;electric;None;300;1;0
['Rivalry', 'Intimidate', 'Guts'];85;120;Spark Pokémon;49;1059860;9;60;Luxio;50;404;60;49;60;electric;None;305;4;0
['Gluttony', 'Overgrow'];98;75;Thorn Monkey Pokémon;63;1000000;11;75;Simisage;881;512;98;63;101;grass;None;305;5;0
['Pressure', 'Frisk'];70;90;Beckon Pokémon;130;800000;16;40;Dusclops;50;356;60;130;25;ghost;None;306;3;0
['Thick Fat', 'Own Tempo', 'Gluttony'];25;255;Bounce Pokémon;35;800000;7;60;Spoink;50;325;70;80;60;psychic;None;306;3;0
['Healer', 'Regenerator', 'Klutz'];60;255;Hearing Pokémon;126;800000;11;103;Audino;50;531;80;126;50;normal;None;310;5;0
['Tough Claws', 'Sniper', 'Pickpocket'];52;120;Two-Handed Pokémon;67;1000000;5;42;Binacle;50;688;39;56;50;rock;water;310;6;0
['Sap Sipper', 'Grass Pelt'];65;200;Mount Pokémon;48;1000000;9;66;Skiddo;50;672;62;57;52;grass;None;310;6;0
['Stench', 'Sticky Hold', 'Aftermath'];50;190;Trash Bag Pokémon;62;1000000;6;50;Trubbish;50;568;40;62;65;poison;None;310;5;0
['Mold Breaker', 'Sheer Force'];125;45;Head Butt Pokémon;40;600000;9;67;Cranidos;881;408;30;30;58;rock;None;315;4;0
['Simple', 'Unaware', 'Moody'];85;127;Beaver Pokémon;60;1000000;10;79;Bibarel;50;400;55;60;71;normal;water;315;4;0
['Pure Power', 'Telepathy'];100;90;Meditate Pokémon;85;1000000;13;60;Medicham;50;308;80;85;100;fighting;psychic;315;3;0
['Shield Dust', 'Compoundeyes'];50;45;Poison Moth Pokémon;70;1000000;12;60;Dustox;50;269;50;90;65;bug;poison;316;3;0
['Healer', 'Hydration', 'Regenerator'];75;75;Caring Pokémon;80;800000;12;165;Alomomola;50;594;40;45;65;water;None;316;5;0
['Compoundeyes', 'Tinted Lens'];45;45;Butterfly Pokémon;50;1000000;11;60;Butterfree;50;12;90;80;70;bug;flying;320;1;0
['Vital Spirit', 'Anger Point', 'Defiant'];105;75;Pig Monkey Pokémon;60;1000000;10;65;Primeape;50;57;60;70;95;fighting;None;320;1;0
['Defeatist'];140;45;First Bird Pokémon;65;1000000;14;75;Archeops;881;567;112;65;110;rock;flying;320;5;0
['Insomnia', 'Forewarn', 'Inner Focus'];48;190;Hypnosis Pokémon;45;1000000;10;60;Drowzee;50;96;43;90;42;psychic;None;324;1;0
['Swift Swim', 'Rain Dish', 'Own Tempo'];50;120;Jolly Pokémon;50;1059860;12;60;Lombre;50;271;60;70;50;water;grass;325;3;0
['Trace', 'Download', 'Analytic'];80;45;Virtual Pokémon;90;1000000;6;85;Porygon2;0;233;105;95;60;normal;None;325;2;0
['Run Away', 'Keen Eye', 'Frisk'];76;90;Long Body Pokémon;64;1000000;18;85;Furret;50;162;45;55;90;normal;None;325;2;0
['Pickup', 'Gluttony', 'Quick Feet'];70;90;Rush Pokémon;61;1000000;5;78;Linoone;50;264;50;61;100;normal;None;325;3;0
['Cute Charm', 'Normalize', 'Wonder Skin '];65;60;Prim Pokémon;65;800000;11;70;Delcatty;246;301;55;55;90;normal;None;326;3;0
['Hyper Cutter', 'Shell Armor', 'Adaptability'];120;155;Rogue Pokémon;85;1640000;11;63;Crawdaunt;50;342;90;55;55;water;dark;328;3;0
['Swarm', 'Shell Armor', 'Overcoat'];135;75;Cavalry Pokémon;105;1000000;10;70;Escavalier;50;589;60;105;20;bug;steel;330;5;0
['Water Absorb', 'Cursed Body', 'Damp'];40;190;Floating Pokémon;50;1000000;12;55;Frillish;50;592;65;85;40;water;ghost;330;5;0
['Swarm', 'Hustle', 'Truant'];109;90;Iron Ant Pokémon;112;1000000;3;58;Durant;50;632;48;48;109;bug;steel;330;5;0
['Cute Charm', 'Klutz', 'Limber'];136;60;Rabbit Pokémon;94;1000000;12;65;Lopunny;50;428;54;96;135;normal;None;333;4;0
['Intimidate', 'Moxie', 'Anger Point'];82;90;Desert Croc Pokémon;45;1059860;10;60;Krokorok;50;552;45;45;74;ground;dark;334;5;0
['Swarm', 'Insomnia', 'Sniper'];90;90;Long Leg Pokémon;70;800000;11;70;Ariados;50;168;60;70;40;bug;poison;335;2;0
['Pickup', 'Sand Veil'];60;120;Long Nose Pokémon;60;1000000;5;90;Phanpy;50;231;40;40;40;ground;None;335;2;0
['Swift Swim', 'Water Veil'];105;75;Sea Weasel Pokémon;55;1000000;11;85;Floatzel;50;419;85;50;115;water;None;335;4;0
['Water Absorb', 'Damp', 'Drizzle'];75;45;Frog Pokémon;75;1059860;11;90;Politoed;50;186;90;100;70;water;None;339;2;0
['Adaptability', 'Download', 'Analytic'];80;30;Virtual Pokémon;70;1000000;9;85;Porygon-Z;0;474;135;75;90;normal;None;340;4;0
['Pressure', 'Pickpocket'];120;45;Sharp Claw Pokémon;65;1059860;11;70;Weavile;50;461;45;85;125;dark;ice;340;4;0
['Flash Fire', 'Flame Body', 'Infiltrator'];55;45;Luring Pokémon;90;1059860;10;60;Chandelure;50;609;145;90;80;ghost;fire;343;5;0
['Telepathy', 'Synchronize', 'Analytic'];75;90;Cerebral Pokémon;75;1000000;10;75;Beheeyem;50;606;125;95;40;psychic;None;345;5;0
['Illuminate', 'Natural Cure', 'Analytic'];45;225;Starshape Pokémon;55;1250000;8;30;Staryu;0;120;70;55;85;water;None;345;1;0
['Natural Cure', 'Serene Grace', 'Healer'];5;30;Egg Pokémon;5;800000;11;250;Chansey;0;113;35;105;50;normal;None;346;1;0
['Magma Armor', 'Flame Body', 'Weak Armor'];40;190;Lava Pokémon;40;1000000;7;40;Slugma;50;218;70;40;20;fire;None;350;2;0
['Swift Swim', 'Shell Armor', 'Weak Armor'];60;45;Spiral Pokémon;125;1000000;10;70;Omastar;881;139;115;70;55;rock;water;350;1;0
['Chlorophyll', 'Leaf Guard', 'Regenerator'];55;45;Vine Pokémon;115;1000000;10;65;Tangela;50;114;100;40;60;grass;None;350;1;0
['Early Bird', 'Flash Fire', 'Unnerve'];90;45;Dark Pokémon;90;1250000;14;75;Houndoom;50;229;140;90;115;dark;fire;350;2;0
['Mega Launcher'];73;55;Howitzer Pokémon;88;1250000;13;71;Clawitzer;50;693;120;89;59;water;None;353;6;0
['Inner Focus', 'Regenerator', 'Reckless'];125;45;Martial Arts Pokémon;60;1059860;14;65;Mienshao;50;620;95;60;105;fighting;None;355;5;0
['Swarm', 'Early Bird', 'Iron Fist'];35;90;Five Star Pokémon;50;800000;14;55;Ledian;50;166;55;110;85;bug;flying;356;2;0
['Oblivious', 'Own Tempo', 'Regenerator'];65;190;Dopey Pokémon;65;1000000;12;90;Slowpoke;50;79;40;40;15;water;psychic;360;1;0
['Rivalry', 'Mold Breaker', 'Unnerve'];117;60;Axe Jaw Pokémon;70;1250000;10;66;Fraxure;50;611;40;50;67;dragon;None;360;5;0
['Trace', 'Download', 'Analytic'];60;45;Virtual Pokémon;70;1000000;8;65;Porygon;0;137;85;75;40;normal;None;365;1;0
['Overgrow', 'Long Reach'];107;45;Arrow Quill Pokémon;75;1059860;16;78;Decidueye;881;724;100;100;70;grass;ghost;366;7;0
['Intimidate', 'Quick Feet', 'Moxie'];90;127;Bite Pokémon;70;1000000;10;70;Mightyena;50;262;60;60;70;dark;None;370;3;0
['Hustle', 'Inner Focus'];90;120;Zen Charm Pokémon;45;1059860;6;70;Darumaka;50;554;15;45;50;fire;None;375;5;0
['Limber', 'Unburden', 'Prankster'];88;90;Cruel Pokémon;50;1000000;11;64;Liepard;50;510;88;50;106;dark;None;375;5;0
['Sturdy', 'Rock Head', 'Rattled'];100;65;Imitation Pokémon;115;1000000;12;70;Sudowoodo;50;185;30;65;30;rock;None;380;2;0
['Hustle', 'Serene Grace', 'Super Luck'];50;30;Jubilee Pokémon;95;800000;15;85;Togekiss;881;468;120;115;80;fairy;flying;380;4;0
['Stench', 'Aftermath', 'Keen Eye'];93;60;Skunk Pokémon;67;1000000;10;103;Skuntank;50;435;71;61;84;poison;dark;380;4;0
['Speed Boost', 'Compoundeyes', 'Frisk'];65;75;Clear Wing Pokémon;45;1000000;12;65;Yanma;50;193;75;45;95;bug;flying;380;2;0
['Keen Eye', 'Sniper'];90;90;Beak Pokémon;65;1000000;12;65;Fearow;50;22;61;61;100;normal;flying;380;1;0
['Pressure', 'Unnerve'];80;45;Beehive Pokémon;102;1059860;12;70;Vespiquen;0;416;80;102;40;bug;flying;385;4;0
['Pickup', 'Frisk', 'Insomnia'];100;60;Pumpkin Pokémon;122;1000000;17;85;Gourgeist;50;711;58;75;54;ghost;grass;390;6;0
['Swift Swim', 'Water Veil', 'Lightningrod'];92;60;Goldfish Pokémon;65;1000000;13;80;Seaking;50;119;65;80;68;water;None;390;1;0
['Blaze', 'Magician'];69;45;Fox Pokémon;72;1059860;15;75;Delphox;881;655;114;100;104;fire;psychic;390;6;0
['Effect Spore', 'Poison Heal', 'Technician'];130;90;Mushroom Pokémon;80;1640000;12;60;Breloom;50;286;60;60;70;grass;fighting;392;3;0
['Run Away', 'Early Bird', 'Tangled Feet'];85;190;Twin Bird Pokémon;45;1000000;14;35;Doduo;50;84;35;35;75;normal;flying;392;1;0
['Thick Fat', 'Ice Body', 'Oblivious'];40;255;Clap Pokémon;50;1059860;8;70;Spheal;50;363;55;50;25;ice;water;395;3;0
['Big Pecks', 'Overcoat', 'Weak Armor'];65;60;Bone Vulture Pokémon;105;1250000;12;110;Mandibuzz;0;630;55;95;80;dark;flying;395;5;0
['Keen Eye', 'Tangled Feet', 'Big Pecks'];80;45;Bird Pokémon;80;1059860;15;83;Pidgeot;50;18;135;80;121;normal;flying;395;1;0
['Guts', 'Sheer Force', 'Iron Fist'];105;90;Muscular Pokémon;85;1059860;12;85;Gurdurr;754;533;40;50;40;fighting;None;400;5;0
['Cute Charm', 'Magic Guard', 'Unaware'];70;25;Fairy Pokémon;73;800000;13;95;Clefable;246;36;95;90;60;fairy;None;400;1;0
['Levitate'];100;3;Eon Pokémon;120;1250000;14;80;Latias;0;380;140;150;110;dragon;psychic;400;3;1
['Shields Down'];100;;Meteor Pokémon;60;1059860;3;60;Minior;0;774;100;60;120;rock;flying;400;7;0
['Torrent', 'Protean', 'Battle Bond'];145;45;Ninja Pokémon;67;1059860;15;72;Greninja;881;658;153;71;132;water;dark;400;6;0
['Static', 'Lightningrod', 'Minus'];75;45;Discharge Pokémon;80;1250000;15;70;Manectric;50;310;135;80;135;electric;None;402;3;0
['Immunity', 'Toxic Boost'];115;90;Cat Ferret Pokémon;60;600000;13;73;Zangoose;50;335;60;60;90;normal;None;403;3;0
['Sand Rush', 'Sand Force', 'Mold Breaker'];135;60;Subterrene Pokémon;60;1000000;7;110;Excadrill;50;530;50;65;88;ground;steel;404;5;0
['Soundproof', 'Scrappy'];71;120;Big Voice Pokémon;43;1059860;10;84;Loudred;50;294;71;43;48;normal;None;405;3;0
['Swift Swim', 'Battle Armor', 'Weak Armor'];115;45;Shellfish Pokémon;105;1000000;13;60;Kabutops;881;141;65;70;80;rock;water;405;1;0
['Cursed Body'];65;45;Shadow Pokémon;80;1059860;15;60;Gengar;50;94;170;95;130;ghost;poison;405;1;0
['Oblivious', 'Forewarn', 'Dry Skin'];50;45;Humanshape Pokémon;35;1000000;14;65;Jynx;0;124;115;95;95;ice;psychic;406;1;0
['Insomnia', 'Keen Eye', 'Tinted Lens'];50;90;Owl Pokémon;50;1000000;16;100;Noctowl;50;164;86;96;70;normal;flying;408;2;0
['Ice Body', 'Snow Cloak', 'Weak Armor'];65;120;Icy Snow Pokémon;65;1250000;11;51;Vanillish;50;583;80;75;59;ice;None;410;5;0
['Keen Eye', 'Sheer Force', 'Defiant'];123;60;Valiant Pokémon;75;1250000;15;100;Braviary;100;628;57;75;80;normal;flying;410;5;0
['Inner Focus', 'Early Bird', 'Sap Sipper'];80;60;Long Neck Pokémon;65;1000000;15;70;Girafarig;50;203;90;65;85;normal;psychic;415;2;0
['Rivalry', 'Intimidate', 'Guts'];120;45;Gleam Eyes Pokémon;79;1059860;14;80;Luxray;50;405;95;79;70;electric;None;420;4;0
['Rock Head', 'Sheer Force'];75;45;Rock Head Pokémon;60;1250000;6;45;Bagon;50;371;40;30;50;dragon;None;421;3;0
['Pickup', 'Cheek Pouch', 'Huge Power'];56;127;Digging Pokémon;77;1000000;10;85;Diggersby;50;660;50;77;78;normal;ground;424;6;0
['Hyper Cutter', 'Sand Veil', 'Poison Heal'];95;30;Fang Scorp Pokémon;125;1059860;20;75;Gliscor;50;472;45;75;95;ground;flying;425;4;0
['Thick Fat', 'Own Tempo', 'Defiant'];82;75;Tiger Cat Pokémon;64;800000;10;71;Purugly;246;432;64;59;112;normal;None;438;4;0
['Torrent', 'Liquid Voice'];74;45;Soloist Pokémon;74;1059860;18;80;Primarina;881;730;126;116;60;water;fairy;440;7;0
['Frisk', 'Competitive', 'Shadow Tag'];55;50;Astral Body Pokémon;95;1059860;15;70;Gothitelle;246;576;95;110;65;psychic;None;440;5;0
['Anticipation', 'Dry Skin', 'Poison Touch'];106;75;Toxic Mouth Pokémon;65;1000000;13;83;Toxicroak;50;454;86;65;85;poison;fighting;444;4;0
['Flame Body', 'Vital Spirit'];95;45;Spitfire Pokémon;57;1000000;13;65;Magmar;754;126;100;85;93;fire;None;445;1;0
['Levitate'];70;45;Stag Beetle Pokémon;90;1000000;15;77;Vikavolt;50;738;145;75;43;bug;electric;450;7;0
['Clear Body', 'Liquid Ooze', 'Rain Dish'];40;190;Jellyfish Pokémon;35;1250000;9;40;Tentacool;50;72;50;100;70;water;poison;455;1;0
['Grassy Surge', 'Telepathy'];130;3;Land Spirit Pokémon;115;1250000;19;70;Tapu Bulu;0;787;85;95;75;grass;fairy;455;7;1
['Flame Body', 'Swarm'];60;15;Sun Pokémon;65;1250000;16;85;Volcarona;50;637;135;105;100;bug;fire;460;5;0
['Vital Spirit'];80;120;Wild Monkey Pokémon;80;1250000;14;80;Vigoroth;50;288;55;55;90;normal;None;465;3;0
['Natural Cure', 'Serene Grace', 'Healer'];10;30;Happiness Pokémon;10;800000;15;255;Blissey;0;242;75;135;55;normal;None;468;2;0
['Bulletproof', 'Soundproof', 'Overcoat'];75;45;Scaly Pokémon;90;1250000;12;55;Hakamo-o;50;783;65;70;65;dragon;fighting;470;7;0
['Contrary', 'Suction Cups', 'Infiltrator'];92;80;Overturning Pokémon;88;1000000;15;86;Malamar;50;687;68;75;73;dark;psychic;470;6;0
['Pressure', 'Super Luck', 'Justified'];150;30;Disaster Pokémon;60;1059860;12;65;Absol;50;359;115;60;115;dark;None;470;3;0
['Intimidate', 'Technician', 'Steadfast'];95;45;Handstand Pokémon;95;1000000;14;50;Hitmontop;100;237;35;110;70;fighting;None;480;2;0
['Synchronize', 'Inner Focus', 'Magic Guard'];50;50;Psi Pokémon;65;1059860;15;55;Alakazam;754;65;175;105;150;psychic;None;480;1;0
['Synchronize', 'Trace', 'Telepathy'];85;45;Embrace Pokémon;65;1250000;16;68;Gardevoir;50;282;165;135;100;psychic;fairy;484;3;0
['Justified'];72;3;Colt Pokémon;90;1250000;14;91;Keldeo;0;647;129;90;108;water;fighting;485;5;1
['Intimidate', 'Quick Feet', 'Rattled'];120;75;Fairy Pokémon;75;800000;14;90;Granbull;246;210;60;60;45;fairy;None;487;2;0
['Sand Stream', 'Sand Force'];72;140;Hippo Pokémon;78;1250000;8;68;Hippopotas;50;449;38;42;32;ground;None;495;4;0
['Limber', 'Reckless', 'Unburden'];120;45;Kicking Pokémon;53;1000000;15;50;Hitmonlee;100;106;35;110;87;fighting;None;498;1;0
['Hustle'];85;45;Hostile Pokémon;70;1250000;14;72;Zweilous;50;634;65;70;58;dark;dragon;500;5;0
['Keen Eye', 'Iron Fist', 'Inner Focus'];105;45;Punching Pokémon;79;1000000;14;50;Hitmonchan;100;107;35;110;76;fighting;None;502;1;0
['Snow Warning', 'Soundproof'];62;120;Frosted Tree Pokémon;50;1250000;10;60;Snover;50;459;62;60;40;grass;ice;505;4;0
['Keen Eye', 'Sturdy', 'Weak Armor'];80;25;Armor Bird Pokémon;140;1250000;17;65;Skarmory;50;227;40;70;70;steel;flying;505;2;0
['Bad Dreams'];90;3;Pitch-Black Pokémon;90;1250000;15;70;Darkrai;0;491;135;90;125;dark;None;505;4;1
['Plus', 'Minus', 'Clear Body'];80;60;Gear Pokémon;95;1059860;6;60;Klang;0;600;70;85;50;steel;None;510;5;0
['Sturdy', 'Inner Focus', 'Mold Breaker'];125;45;Karate Pokémon;75;1000000;14;75;Sawk;100;539;30;75;85;fighting;None;510;5;0
['Sand Veil', 'Water Absorb'];85;190;Cactus Pokémon;40;1059860;4;50;Cacnea;50;331;85;40;35;grass;None;513;3;0
['Speed Boost', 'Tinted Lens', 'Frisk'];76;30;Ogre Darner Pokémon;86;1000000;19;86;Yanmega;50;469;116;56;95;bug;flying;515;4;0
['Blaze', 'Speed Boost'];160;45;Blaze Pokémon;80;1059860;19;80;Blaziken;881;257;130;80;100;fire;fighting;520;3;0
['Steadfast', 'Justified'];165;45;Blade Pokémon;95;1250000;16;68;Gallade;100;475;65;115;110;psychic;fighting;520;4;0
['Overgrow', 'Unburden'];110;45;Forest Pokémon;75;1059860;17;70;Sceptile;881;254;145;85;145;grass;None;522;3;0
['Shell Armor', 'Rattled'];64;255;Bivalve Pokémon;85;600000;4;35;Clamperl;50;366;74;55;32;water;None;525;3;0
['Shed Skin', 'Infiltrator'];100;90;Fang Snake Pokémon;60;1640000;27;73;Seviper;50;336;100;60;65;poison;None;525;3;0
['Pressure', 'Static'];90;3;Electric Pokémon;85;1250000;16;90;Zapdos;0;145;125;90;100;electric;flying;526;1;1
['Stance Change'];150;45;Royal Sword Pokémon;50;1000000;17;60;Aegislash;50;681;150;50;60;steel;ghost;530;6;0
['Water Absorb', 'Damp', 'Swift Swim'];95;45;Tadpole Pokémon;95;1059860;13;90;Poliwrath;50;62;70;90;70;water;fighting;540;1;0
['Swarm', 'Guts', 'Moxie'];185;45;Singlehorn Pokémon;115;1250000;15;80;Heracross;50;214;40;105;75;bug;fighting;540;2;0
['Steadfast', 'Inner Focus', 'Justified'];145;45;Aura Pokémon;88;1059860;12;70;Lucario;881;448;140;70;112;fighting;steel;540;4;0
['Soundproof', 'Filter', 'Technician'];45;45;Barrier Pokémon;65;1000000;13;40;Mr. Mime;50;122;100;120;90;psychic;fairy;545;1;0
['Magma Armor', 'Flame Body', 'Weak Armor'];50;75;Lava Pokémon;120;1000000;8;60;Magcargo;50;219;90;80;30;fire;rock;550;2;0
['Swift Swim', 'Rain Dish', 'Own Tempo'];70;45;Carefree Pokémon;70;1059860;15;80;Ludicolo;50;272;90;100;70;water;grass;550;3;0
['Inner Focus', 'Infiltrator'];80;90;Bat Pokémon;70;1000000;16;75;Golbat;50;42;65;75;90;poison;flying;550;1;0
['Clear Body', 'Liquid Ooze', 'Rain Dish'];70;60;Jellyfish Pokémon;65;1250000;16;80;Tentacruel;50;73;80;120;100;water;poison;550;1;0
['Hyper Cutter', 'Mold Breaker', 'Moxie'];155;45;Stagbeetle Pokémon;120;1250000;15;65;Pinsir;50;127;65;90;105;bug;None;550;1;0
['Blaze', 'Iron Fist'];104;45;Flame Pokémon;71;1059860;12;76;Infernape;881;392;104;71;108;fire;fighting;550;4;0
['Pressure', 'Snow Cloak'];85;3;Freeze Pokémon;100;1250000;17;90;Articuno;0;144;95;125;85;ice;flying;554;1;1
['Guts', 'Inner Focus', 'Mold Breaker'];100;45;Judo Pokémon;85;1000000;13;120;Throh;100;538;30;85;45;fighting;None;555;5;0
['Blaze', 'Thick Fat'];93;45;Fire Pig Pokémon;55;1059860;10;90;Pignite;881;499;70;55;55;fire;fighting;555;5;0
['Beast Boost'];53;45;Parasite Pokémon;47;1250000;12;109;Nihilego;0;793;127;131;103;rock;poison;555;7;1
['Oblivious', 'Snow Cloak', 'Thick Fat'];100;75;Swine Pokémon;80;1250000;11;100;Piloswine;50;221;60;60;50;ice;ground;558;2;0
['Sand Veil', 'Rough Skin'];90;45;Cave Pokémon;65;1250000;14;68;Gabite;50;444;50;55;82;dragon;ground;560;4;0
['Swarm', 'Technician', 'Steadfast'];110;45;Mantis Pokémon;80;1000000;15;70;Scyther;50;123;55;80;105;bug;flying;560;1;0
['Synchronize', 'Inner Focus', 'Magic Guard'];35;100;Psi Pokémon;30;1059860;13;40;Kadabra;754;64;120;70;105;psychic;None;565;1;0
['Sturdy', 'Soundproof'];42;45;Shield Pokémon;118;600000;5;30;Shieldon;881;410;42;88;30;rock;steel;570;4;0
['Ice Body', 'Snow Warning', 'Weak Armor'];95;45;Snowstorm Pokémon;85;1250000;13;71;Vanilluxe;50;584;110;95;79;ice;None;575;5;0
['Gluttony', 'Flash Fire', 'White Smoke'];97;90;Anteater Pokémon;66;1000000;14;85;Heatmor;50;631;105;66;65;fire;None;580;5;0
['Own Tempo', 'Technician', 'Moody'];20;45;Painter Pokémon;35;800000;12;55;Smeargle;50;235;20;45;75;normal;None;580;2;0
['Poison Point', 'Swarm', 'Speed Boost'];55;120;Curlipede Pokémon;99;1059860;12;40;Whirlipede;50;544;40;79;47;bug;poison;585;5;0
['Rock Head', 'Pressure', 'Unnerve'];135;45;Fossil Pokémon;85;1250000;18;80;Aerodactyl;881;142;70;95;150;rock;flying;590;1;0
['Chlorophyll', 'Early Bird', 'Pickpocket'];100;45;Wickid Pokémon;60;1059860;13;90;Shiftry;50;275;90;60;80;grass;dark;596;3;0
['Sturdy', 'Rock Head', 'Heavy Metal'];70;180;Iron Armor Pokémon;100;1250000;4;50;Aron;50;304;40;40;30;steel;rock;600;3;0
['Magnet Pull', 'Sturdy', 'Analytic'];60;60;Magnet Pokémon;95;1000000;10;50;Magneton;0;82;120;70;70;electric;steel;600;1;0
['Hyper Cutter', 'Shell Armor', 'Sheer Force'];130;60;Pincer Pokémon;115;1000000;13;55;Kingler;50;99;50;50;75;water;None;600;1;0
['Poison Point', 'Rivalry', 'Sheer Force'];92;45;Drill Pokémon;87;1059860;13;90;Nidoqueen;0;31;75;85;76;poison;ground;600;1;0
['Pressure', 'Flame Body'];100;3;Flame Pokémon;90;1250000;20;90;Moltres;0;146;125;85;90;fire;flying;600;1;1
['Levitate'];130;3;Eon Pokémon;100;1250000;20;80;Latios;100;381;160;120;110;dragon;psychic;600;3;1
['Suction Cups', 'Storm Drain'];81;45;Barnacle Pokémon;97;600000;15;86;Cradily;881;346;81;107;43;rock;grass;604;3;0
['Levitate', 'Heatproof', 'Heavy Metal'];24;255;Bronze Pokémon;86;1000000;5;57;Bronzor;0;436;24;86;23;steel;psychic;605;4;0
['Forewarn', 'Synchronize', 'Telepathy'];55;75;Drowsing Pokémon;85;800000;11;116;Musharna;50;518;107;95;29;psychic;None;605;5;0
['Pressure'];95;3;DNA Pokémon;90;1250000;17;50;Deoxys;0;386;95;90;180;psychic;None;608;3;1
['Intimidate', 'Sand Rush', 'Scrappy'];110;45;Big-Hearted Pokémon;90;1059860;12;85;Stoutland;50;508;45;90;80;normal;None;610;5;0
['Prankster', 'Defiant', 'Volt Absorb'];105;3;Bolt Strike Pokémon;70;1250000;15;79;Thundurus;100;642;145;80;101;electric;flying;610;5;1
['Static', 'Plus'];95;45;Light Pokémon;105;1059860;14;90;Ampharos;50;181;165;110;45;electric;None;615;2;0
['Battle Armor', 'Sniper', 'Keen Eye'];90;45;Ogre Scorp Pokémon;110;1250000;13;70;Drapion;50;452;60;75;95;poison;dark;615;4;0
['Swift Swim', 'Poison Touch', 'Water Absorb'];95;45;Vibration Pokémon;75;1059860;15;105;Seismitoad;50;537;85;75;74;water;ground;620;5;0
['Poison Point', 'Rivalry', 'Sheer Force'];102;45;Drill Pokémon;77;1059860;14;81;Nidoking;100;34;85;75;85;poison;ground;620;1;0
['Overgrow', 'Contrary'];75;45;Regal Pokémon;95;1059860;33;75;Serperior;881;497;75;95;113;grass;None;630;5;0
['Prankster', 'Defiant', 'Regenerator'];100;3;Cyclone Pokémon;80;1250000;15;79;Tornadus;100;641;110;90;121;flying;None;630;5;1
['Hyper Cutter', 'Sand Veil', 'Immunity'];75;60;Flyscorpion Pokémon;105;1059860;11;65;Gligar;50;207;35;65;85;ground;flying;648;2;0
['Swift Swim', 'Water Absorb', 'Water Veil'];20;25;Kite Pokémon;50;1250000;10;45;Mantyke;50;458;60;120;50;water;flying;650;4;0
['Intimidate', 'Shed Skin', 'Unnerve'];95;90;Cobra Pokémon;69;1000000;35;60;Arbok;50;24;65;79;80;poison;None;650;1;0
['Own Tempo', 'Oblivious', 'Cloud Nine'];55;45;Licking Pokémon;75;1000000;12;90;Lickitung;50;108;60;75;30;normal;None;655;1;0
['Soundproof', 'Static', 'Aftermath'];50;60;Ball Pokémon;70;1000000;12;60;Electrode;0;101;80;80;150;electric;None;666;1;0
['Flame Body', 'Vital Spirit'];95;30;Blast Pokémon;67;1000000;16;75;Magmortar;754;467;125;95;83;fire;None;680;4;0
['Sand Force', 'Sheer Force', 'Intimidate'];145;3;Abundance Pokémon;90;1250000;15;89;Landorus;100;645;105;80;91;ground;flying;680;5;1
['Battle Armor', 'Swift Swim'];125;45;Plate Pokémon;100;600000;15;75;Armaldo;881;348;70;80;45;rock;bug;682;3;0
['Water Compaction', 'Sand Veil'];55;140;Sand Heap Pokémon;80;1000000;5;55;Sandygast;50;769;70;45;15;ghost;ground;700;7;0
['Defiant', 'Inner Focus', 'Pressure'];125;45;Sword Blade Pokémon;100;1000000;16;65;Bisharp;50;625;60;70;70;dark;steel;700;5;0
['Guts', 'No Guard', 'Steadfast'];100;90;Superpower Pokémon;70;1059860;15;80;Machoke;754;67;50;60;45;fighting;None;705;1;0
['Natural Cure', 'Frisk', 'Harvest'];110;60;Elder Tree Pokémon;76;1000000;15;85;Trevenant;50;709;65;82;56;ghost;grass;710;6;0
['Intimidate', 'Frisk', 'Sap Sipper'];95;45;Big Horn Pokémon;62;1250000;14;73;Stantler;50;234;85;65;85;normal;None;712;2;0
['Thick Fat', 'Own Tempo', 'Gluttony'];45;60;Manipulate Pokémon;65;800000;9;80;Grumpig;50;326;90;110;80;psychic;None;715;3;0
['Guts', 'Sand Veil'];64;45;Rock Skin Pokémon;50;1250000;6;50;Larvitar;50;246;45;50;41;rock;ground;720;2;0
['Damp', 'Water Absorb', 'Unaware'];85;90;Water Fish Pokémon;85;1000000;14;95;Quagsire;50;195;65;65;35;water;ground;750;2;0
['Inner Focus', 'Infiltrator'];90;90;Bat Pokémon;80;1000000;18;85;Crobat;50;169;70;80;130;poison;flying;750;2;0
['Thick Fat', 'Scrappy', 'Sap Sipper'];80;45;Milk Cow Pokémon;105;1250000;12;95;Miltank;0;241;40;70;100;normal;None;755;2;0
['Insomnia', 'Forewarn', 'Inner Focus'];73;75;Hypnosis Pokémon;70;1000000;16;85;Hypno;50;97;73;115;67;psychic;None;756;1;0
['Inner Focus', 'Telepathy', 'Symbiosis'];60;45;Sage Pokémon;80;1250000;15;90;Oranguru;50;765;90;110;60;normal;psychic;760;7;0
['Mummy'];50;90;Coffin Pokémon;145;1000000;17;58;Cofagrigus;50;563;95;105;30;ghost;None;765;5;0
['Damp', 'Cloud Nine', 'Swift Swim'];82;75;Duck Pokémon;78;1000000;17;80;Golduck;50;55;95;80;85;water;None;766;1;0
['Sand Veil', 'Water Absorb'];115;60;Scarecrow Pokémon;60;1059860;13;70;Cacturne;50;332;115;60;55;grass;dark;774;3;0
['Bulletproof', 'Soundproof', 'Overcoat'];110;45;Scaly Pokémon;125;1250000;16;75;Kommo-o;50;784;100;105;85;dragon;fighting;782;7;0
['Oblivious', 'Own Tempo', 'Regenerator'];75;75;Hermit Crab Pokémon;180;1000000;16;95;Slowbro;50;80;130;80;30;water;psychic;785;1;0
['Oblivious', 'Own Tempo', 'Regenerator'];75;70;Royal Pokémon;80;1000000;20;95;Slowking;50;199;100;110;30;water;psychic;795;2;0
['Blaze', 'Flash Fire'];84;45;Volcano Pokémon;78;1059860;17;78;Typhlosion;881;157;109;85;100;fire;None;795;2;0
['Lightningrod', 'Motor Drive', 'Sap Sipper'];100;75;Thunderbolt Pokémon;63;1000000;16;75;Zebstrika;50;523;80;63;116;electric;None;795;5;0
['Liquid Ooze', 'Sticky Hold', 'Gluttony'];73;75;Poison Bag Pokémon;83;1640000;17;100;Swalot;50;317;73;83;55;poison;None;800;3;0
['Early Bird', 'Scrappy', 'Inner Focus'];125;45;Parent Pokémon;100;1000000;22;105;Kangaskhan;0;115;60;100;100;normal;None;800;1;0
['Illuminate', 'Natural Cure', 'Analytic'];75;60;Mysterious Pokémon;85;1250000;11;60;Starmie;0;121;100;85;115;water;psychic;800;1;0
['White Smoke', 'Drought', 'Shell Armor'];85;90;Coal Pokémon;140;1000000;5;70;Torkoal;50;324;85;70;20;fire;None;804;3;0
['Levitate'];115;30;EleFish Pokémon;80;1250000;21;85;Eelektross;50;604;105;80;50;electric;None;805;5;0
['Soul-Heart'];95;3;Artificial Pokémon;115;1250000;10;80;Magearna;0;801;130;115;65;steel;fairy;805;7;1
['Solid Rock', 'Sturdy', 'Swift Swim'];108;45;Prototurtle Pokémon;133;1000000;12;74;Carracosta;881;565;83;65;32;water;rock;810;5;0
['Plus', 'Minus', 'Clear Body'];100;30;Gear Pokémon;115;1059860;6;60;Klinklang;0;601;70;85;90;steel;None;810;5;0
['Illusion'];105;45;Illusion Fox Pokémon;60;1059860;16;60;Zoroark;881;571;120;60;105;dark;None;811;5;0
['Poison Point', 'Poison Touch', 'Adaptability'];75;55;Mock Kelp Pokémon;90;1000000;18;65;Dragalge;50;691;97;123;44;poison;dragon;815;6;0
['Rivalry', 'Unnerve', 'Moxie'];68;65;Royal Pokémon;72;1059860;15;86;Pyroar;112;668;109;66;106;fire;normal;815;6;0
['Torrent', 'Damp'];150;45;Mud Fish Pokémon;110;1059860;15;100;Swampert;881;260;95;110;70;water;ground;819;3;0
['Water Bubble', 'Water Absorb'];70;100;Water Bubble Pokémon;92;1000000;18;68;Araquanid;50;752;50;132;42;water;bug;820;7;0
['Levitate'];100;45;Mystic Pokémon;80;1059860;20;80;Flygon;50;330;80;80;100;ground;dragon;820;3;0
['Download'];120;3;Paleozoic Pokémon;95;1250000;15;71;Genesect;0;649;120;95;99;bug;steel;825;5;1
['Receiver', 'Defiant'];120;45;Teamwork Pokémon;90;1250000;20;100;Passimian;50;766;40;60;80;fighting;None;828;7;0
['Blaze', 'Intimidate'];115;45;Heel Pokémon;90;1059860;18;95;Incineroar;881;727;80;90;60;fire;dark;830;7;0
['Soundproof', 'Scrappy'];91;45;Loud Noise Pokémon;63;1059860;15;104;Exploud;50;295;91;73;68;normal;None;840;3;0
['Torrent', 'Defiant'];86;45;Emperor Pokémon;88;1059860;17;84;Empoleon;881;395;111;101;60;water;steel;845;4;0
['Frisk', 'Infiltrator', 'Telepathy'];70;45;Sound Wave Pokémon;80;1000000;15;85;Noivern;50;715;97;80;123;flying;dragon;850;6;0
['Run Away', 'Early Bird', 'Tangled Feet'];110;45;Triple Bird Pokémon;70;1000000;18;60;Dodrio;50;85;60;60;110;normal;flying;852;1;0
['Torrent', 'Rain Dish'];103;45;Shellfish Pokémon;120;1059860;16;79;Blastoise;881;9;135;115;78;water;None;855;1;0
['Levitate'];70;3;Lunar Pokémon;120;1250000;15;120;Cresselia;0;488;75;130;85;psychic;None;856;4;1
['Thick Fat', 'Guts', 'Sheer Force'];60;180;Guts Pokémon;30;1640000;10;72;Makuhita;754;296;20;30;25;fighting;None;864;3;0
['Guts', 'Sheer Force', 'Iron Fist'];140;45;Muscular Pokémon;95;1059860;14;105;Conkeldurr;754;534;55;65;45;fighting;None;870;5;0
['Thick Fat', 'Ice Body', 'Oblivious'];60;120;Ball Roll Pokémon;70;1059860;11;90;Sealeo;50;364;75;70;45;ice;water;876;3;0
['Intimidate', 'Anger Point', 'Sheer Force'];100;45;Wild Bull Pokémon;95;1250000;14;75;Tauros;100;128;40;70;110;normal;None;884;1;0
['Torrent', 'Sheer Force'];105;45;Big Jaw Pokémon;100;1059860;23;85;Feraligatr;881;160;79;83;78;water;None;888;2;0
['Rough Skin', 'Speed Boost'];140;60;Brutal Pokémon;70;1250000;18;70;Sharpedo;50;319;110;65;105;water;dark;888;3;0
['Thick Fat', 'Hydration', 'Ice Body'];45;190;Sea Lion Pokémon;55;1000000;11;65;Seel;50;86;45;70;45;water;None;900;1;0
['Overgrow', 'Bulletproof'];107;45;Spiny Armor Pokémon;122;1059860;16;88;Chesnaught;881;652;74;75;64;grass;fighting;900;6;0
['Blaze', 'Solar Power'];104;45;Flame Pokémon;78;1059860;17;78;Charizard;881;6;159;115;100;fire;flying;905;1;0
['Sap Sipper', 'Grass Pelt'];100;45;Mount Pokémon;62;1000000;17;123;Gogoat;50;673;97;81;68;grass;None;910;6;0
['Iron Fist', 'Klutz', 'No Guard'];74;190;Automaton Pokémon;50;1000000;10;59;Golett;0;622;35;50;35;ground;ghost;920;5;0
['Chlorophyll', 'Sap Sipper', 'Serene Grace'];100;75;Season Pokémon;70;1000000;19;80;Sawsbuck;50;586;60;70;95;normal;grass;925;5;0
['Sheer Force', 'Zen Mode'];30;60;Blazing Pokémon;105;1059860;13;105;Darmanitan;50;555;140;105;55;fire;fire;929;5;0
['Reckless', 'Sap Sipper', 'Soundproof'];110;45;Bash Buffalo Pokémon;95;1000000;16;95;Bouffalant;50;626;40;95;55;normal;None;946;5;0
['Torrent', 'Shell Armor'];100;45;Formidable Pokémon;85;1059860;15;95;Samurott;881;503;108;70;70;water;None;946;5;0
['Sand Veil', 'Rough Skin'];170;45;Mach Pokémon;115;1250000;19;108;Garchomp;50;445;120;95;92;dragon;ground;950;4;0
['Run Away', 'Flash Fire', 'Flame Body'];100;60;Fire Horse Pokémon;70;1000000;17;65;Rapidash;50;78;80;80;105;fire;None;950;1;0
['Clear Body', 'Light Metal'];55;3;Iron Ball Pokémon;80;1250000;6;40;Beldum;0;374;35;60;30;steel;psychic;952;3;0
['Tough Claws', 'Sniper', 'Pickpocket'];105;45;Collective Pokémon;115;1000000;13;72;Barbaracle;50;689;54;86;68;rock;water;960;6;0
['Intimidate', 'Moxie', 'Anger Point'];117;45;Intimidation Pokémon;80;1059860;15;95;Krookodile;50;553;65;70;92;ground;dark;963;5;0
['Sturdy', 'Magnet Pull', 'Sand Force'];45;255;Compass Pokémon;135;1000000;10;30;Nosepass;50;299;45;90;30;rock;None;970;3;0
['Overgrow', 'Shell Armor'];89;45;Grove Pokémon;85;1059860;11;75;Grotle;881;388;55;65;36;grass;None;970;4;0
['Own Tempo', 'Ice Body', 'Sturdy'];69;190;Ice Chunk Pokémon;85;1000000;10;55;Bergmite;50;712;32;35;28;ice;None;995;6;0
['Chlorophyll', 'Solar Power', 'Harvest'];68;200;Fruit Pokémon;83;1250000;20;99;Tropius;50;357;72;87;51;grass;flying;1000;3;0
['Overgrow', 'Chlorophyll'];100;45;Seed Pokémon;123;1059860;20;80;Venusaur;881;3;122;120;80;grass;poison;1000;1;0
['Beast Boost'];89;30;Glowing Pokémon;71;1250000;38;83;Xurkitree;0;796;173;71;83;electric;None;1000;7;1
['Overgrow', 'Leaf Guard'];82;45;Herb Pokémon;100;1059860;18;80;Meganium;881;154;83;100;80;grass;None;1005;2;0
['RKS System'];95;3;Synthetic Pokémon;95;1250000;23;95;Silvally;0;773;95;95;95;normal;None;1005;7;0
['Sturdy', 'Weak Armor', 'Sand Force'];105;120;Ore Pokémon;105;1059860;9;70;Boldore;50;525;50;40;20;rock;None;1020;5;0
['Mold Breaker', 'Sheer Force'];165;45;Head Butt Pokémon;60;600000;16;97;Rampardos;881;409;65;50;58;rock;None;1025;4;0
['Intimidate', 'Moxie'];145;45;Dragon Pokémon;130;1250000;15;95;Salamence;50;373;120;90;120;dragon;flying;1026;3;0
['Pickup', 'Thick Fat', 'Gluttony'];85;50;Big Eater Pokémon;40;1250000;6;135;Munchlax;881;446;40;85;5;normal;None;1050;4;0
['Rivalry', 'Mold Breaker', 'Unnerve'];147;45;Axe Jaw Pokémon;90;1250000;18;76;Haxorus;50;612;60;70;97;dragon;None;1055;5;0
['Pressure', 'Frisk'];100;45;Gripper Pokémon;135;800000;22;45;Dusknoir;50;477;65;135;45;ghost;None;1066;4;0
['Stench', 'Weak Armor', 'Aftermath'];95;60;Trash Heap Pokémon;82;1000000;19;80;Garbodor;50;569;60;82;75;poison;None;1073;5;0
['Pressure', 'Infiltrator'];92;100;Forbidden Pokémon;108;1000000;10;50;Spiritomb;50;442;92;108;35;ghost;dark;1080;4;0
['Emergency Exit'];125;45;Hard Scale Pokémon;140;1000000;20;75;Golisopod;50;768;60;90;40;bug;water;1080;7;0
['Levitate'];70;90;Clay Doll Pokémon;105;1000000;15;60;Claydol;0;344;70;120;75;ground;psychic;1080;3;0
['Iron Barbs', 'Anticipation'];94;90;Thorn Pod Pokémon;131;1000000;10;74;Ferrothorn;50;598;54;116;20;grass;steel;1100;5;0
['Own Tempo', 'Stamina', 'Inner Focus'];100;190;Donkey Pokémon;70;1000000;10;70;Mudbray;50;749;45;55;45;ground;None;1100;7;0
['Rock Head', 'Overcoat'];95;45;Endurance Pokémon;100;1250000;11;65;Shelgon;50;372;60;50;50;dragon;None;1105;3;0
['Lightningrod', 'Rock Head', 'Reckless'];85;120;Spikes Pokémon;95;1250000;10;80;Rhyhorn;50;111;30;30;25;ground;rock;1150;1;0
['Swarm', 'Technician', 'Light Metal'];150;25;Pincer Pokémon;140;1000000;18;70;Scizor;50;212;65;100;75;bug;steel;1180;2;0
['Lightningrod', 'Rock Head', 'Reckless'];130;60;Drill Pokémon;120;1250000;19;105;Rhydon;50;112;45;45;40;ground;rock;1200;1;0
['Sturdy', 'Rock Head', 'Heavy Metal'];90;90;Iron Armor Pokémon;140;1250000;9;60;Lairon;50;305;50;50;40;steel;rock;1200;3;0
['Sturdy', 'Sand Veil'];120;60;Armor Pokémon;120;1000000;11;90;Donphan;50;232;60;60;50;ground;None;1200;2;0
['Thick Fat', 'Hydration', 'Ice Body'];70;75;Sea Lion Pokémon;80;1000000;17;90;Dewgong;50;87;70;95;70;water;ice;1200;1;0
['Shadow Shield'];113;45;Moone Pokémon;89;1250000;40;137;Lunala;0;792;137;107;97;psychic;ghost;1200;7;1
['Battle Armor'];95;3;Synthetic Pokémon;95;1250000;19;95;Type: Null;0;772;95;95;59;normal;None;1205;7;0
['Pressure', 'Unnerve'];150;3;Genetic Pokémon;70;1250000;20;106;Mewtwo;0;150;194;120;140;psychic;None;1220;1;1
['Sturdy', 'Overcoat'];90;75;Bagworm Pokémon;140;1000000;12;75;Forretress;50;205;60;60;40;bug;steel;1258;2;0
['Guts', 'Quick Feet', 'Unnerve'];130;60;Hibernator Pokémon;75;1000000;18;90;Ursaring;50;217;75;75;55;normal;None;1258;2;0
['Chlorophyll', 'Leaf Guard', 'Regenerator'];100;30;Vine Pokémon;125;1000000;20;100;Tangrowth;50;465;110;50;50;grass;None;1286;4;0
['Guts', 'No Guard', 'Steadfast'];130;45;Superpower Pokémon;80;1059860;16;90;Machamp;754;68;65;85;55;fighting;None;1300;1;0
['Water Veil', 'Oblivious', 'Pressure'];70;125;Ball Whale Pokémon;35;1640000;20;130;Wailmer;50;320;70;35;60;water;None;1300;3;0
['Truant'];160;45;Lazy Pokémon;100;1250000;20;150;Slaking;50;289;95;65;100;normal;None;1305;3;0
['Shell Armor', 'Skill Link', 'Overcoat'];95;60;Bivalve Pokémon;180;1250000;15;50;Cloyster;50;91;85;45;70;water;ice;1325;1;0
['Fluffy', 'Klutz', 'Unnerve'];125;70;Strong Arm Pokémon;80;1000000;21;120;Bewear;50;760;55;60;60;normal;fighting;1350;7;0
['Water Absorb', 'Cursed Body', 'Damp'];60;60;Floating Pokémon;70;1000000;22;100;Jellicent;50;593;85;105;60;water;ghost;1350;5;0
['Snow Warning', 'Soundproof'];132;60;Frosted Tree Pokémon;105;1250000;22;90;Abomasnow;50;460;132;105;30;grass;ice;1355;4;0
['Iron Fist', 'Mold Breaker', 'Scrappy'];124;65;Daunting Pokémon;78;1000000;21;95;Pangoro;50;675;69;71;58;fighting;dark;1360;6;0
['Motor Drive', 'Vital Spirit'];123;30;Thunderbolt Pokémon;67;1000000;18;75;Electivire;754;466;95;85;95;electric;None;1386;4;0
['Rough Skin', 'Sheer Force', 'Mold Breaker'];120;45;Cave Pokémon;90;1000000;16;77;Druddigon;50;621;60;90;48;dragon;None;1390;5;0
['Own Tempo', 'Oblivious', 'Cloud Nine'];85;30;Licking Pokémon;95;1000000;17;110;Lickilicky;50;463;80;95;50;normal;None;1400;4;0
['Levitate'];50;25;Crystallizing Pokémon;50;1000000;11;80;Cryogonal;0;615;95;135;105;ice;None;1480;5;0
['Sturdy', 'Soundproof'];52;45;Shield Pokémon;168;600000;13;60;Bastiodon;881;411;47;138;30;rock;steel;1495;4;0
['Blaze', 'Reckless'];123;45;Mega Fire Pig Pokémon;65;1059860;16;110;Emboar;881;500;100;65;65;fire;fighting;1500;5;0
['Sap Sipper', 'Hydration', 'Gooey'];100;45;Dragon Pokémon;70;1250000;20;90;Goodra;50;706;110;150;80;dragon;None;1505;6;0
['Thick Fat', 'Ice Body', 'Oblivious'];80;45;Ice Break Pokémon;90;1059860;14;110;Walrein;50;365;95;90;65;ice;water;1506;3;0
['Shed Skin'];84;45;Hard Shell Pokémon;70;1250000;12;70;Pupitar;50;247;65;70;51;rock;ground;1520;2;0
['Swift Swim', 'Sniper', 'Damp'];95;45;Dragon Pokémon;95;1000000;18;75;Kingdra;50;230;95;95;85;water;dragon;1520;2;0
['Levitate'];95;45;Meteorite Pokémon;85;800000;12;90;Solrock;0;338;55;65;70;rock;psychic;1540;3;0
['Intimidate', 'Flash Fire', 'Justified'];110;75;Legendary Pokémon;80;1250000;19;90;Arcanine;754;59;100;80;95;fire;None;1550;1;0
['Levitate'];105;45;Brutal Pokémon;90;1250000;18;92;Hydreigon;50;635;125;90;98;dark;dragon;1600;5;0
['Marvel Scale', 'Competitive', 'Cute Charm'];60;60;Tender Pokémon;79;600000;62;95;Milotic;50;350;100;125;81;water;None;1620;3;0
['Levitate'];55;45;Meteorite Pokémon;65;800000;10;90;Lunatone;0;337;95;85;70;rock;psychic;1680;3;0
['Clear Body', 'Ice Body'];50;3;Iceberg Pokémon;100;1250000;18;80;Regice;0;378;100;200;50;ice;None;1750;3;1
['Pressure', 'Inner Focus'];85;3;Thunder Pokémon;75;1250000;19;90;Raikou;0;243;115;100;115;electric;None;1780;2;1
['Hyper Cutter', 'Iron Fist', 'Anger Point'];132;60;Woolly Crab Pokémon;77;1000000;17;97;Crabominable;50;740;62;67;43;fighting;ice;1800;7;0
['Magnet Pull', 'Sturdy', 'Analytic'];70;30;Magnet Area Pokémon;115;1000000;12;70;Magnezone;0;462;130;90;60;electric;steel;1800;4;0
['Berserk', 'Sap Sipper', 'Cloud Nine'];60;70;Placid Pokémon;85;1000000;30;78;Drampa;50;780;135;91;36;normal;dragon;1850;7;0
['Levitate', 'Heatproof', 'Heavy Metal'];89;90;Bronze Bell Pokémon;116;1000000;13;67;Bronzong;0;437;79;116;33;steel;psychic;1870;4;0
['Pressure', 'Inner Focus'];75;3;Aurora Pokémon;115;1250000;20;100;Suicune;0;245;90;115;85;water;None;1870;2;1
['Water Absorb'];110;3;Steam Pokémon;120;1250000;17;80;Volcanion;0;721;130;90;70;fire;water;1950;6;1
['Pressure', 'Inner Focus'];115;3;Volcano Pokémon;85;1250000;21;115;Entei;0;244;90;75;100;fire;None;1980;2;1
['Pressure', 'Regenerator'];130;3;Rainbow Pokémon;90;1250000;38;106;Ho-Oh;0;250;110;154;90;fire;flying;1990;2;1
['Sturdy', 'Shell Armor', 'Weak Armor'];105;75;Stone Home Pokémon;125;1000000;14;70;Crustle;50;558;65;75;45;bug;rock;2000;5;0
['Justified'];90;3;Grassland Pokémon;72;1250000;20;91;Virizion;0;640;90;129;108;grass;fighting;2000;5;1
['Poison Point', 'Swarm', 'Speed Boost'];100;45;Megapede Pokémon;89;1059860;25;60;Scolipede;50;545;55;69;112;bug;poison;2005;5;0
['Sand Stream', 'Unnerve'];164;45;Armor Pokémon;150;1250000;20;100;Tyranitar;50;248;95;120;71;rock;dark;2020;2;0
['Clear Body', 'Light Metal'];75;3;Iron Claw Pokémon;100;1250000;12;60;Metang;0;375;55;80;50;steel;psychic;2025;3;0
['Dark Aura'];131;45;Destruction Pokémon;95;1250000;58;126;Yveltal;0;717;131;98;99;dark;flying;2030;6;1
['Clear Body', 'Light Metal'];75;3;Iron Pokémon;150;1250000;19;80;Registeel;0;379;75;150;50;steel;None;2050;3;1
['Air Lock'];180;45;Sky High Pokémon;100;1250000;70;105;Rayquaza;0;384;180;100;115;dragon;flying;2065;3;1
['Steelworker'];131;25;Sea Creeper Pokémon;100;1000000;39;70;Dhelmise;0;781;86;90;40;ghost;grass;2100;7;0
['Rock Head', 'Sturdy', 'Weak Armor'];45;45;Rock Snake Pokémon;160;1000000;88;35;Onix;50;95;30;45;70;rock;ground;2100;1;0
['Inner Focus', 'Multiscale'];134;45;Dragon Pokémon;95;1250000;22;91;Dragonite;50;149;100;100;80;dragon;flying;2100;1;0
['Shell Armor'];78;70;Blast Turtle Pokémon;135;1000000;20;60;Turtonator;50;776;91;85;36;fire;dragon;2120;7;0
['Fairy Aura'];131;45;Life Pokémon;95;1250000;30;126;Xerneas;0;716;131;98;99;fairy;None;2150;6;1
['Pressure', 'Multiscale'];90;3;Diving Pokémon;130;1250000;52;106;Lugia;0;249;90;154;110;psychic;flying;2160;2;1
['Magma Armor', 'Solid Rock', 'Anger Point'];120;150;Eruption Pokémon;100;1000000;19;70;Camerupt;50;323;145;105;20;fire;ground;2200;3;0
['Water Absorb', 'Shell Armor', 'Hydration'];85;45;Transport Pokémon;80;1250000;25;130;Lapras;50;131;85;95;60;water;ice;2200;1;0
['Swift Swim', 'Water Absorb', 'Water Veil'];40;25;Kite Pokémon;70;1250000;21;85;Mantine;50;226;80;140;70;water;flying;2200;2;0
['Refrigerate', 'Snow Warning'];77;45;Tundra Pokémon;72;1000000;27;123;Aurorus;881;699;99;92;58;rock;ice;2250;6;0
['Clear Body', 'Sturdy'];100;3;Rock Peak Pokémon;200;1250000;17;80;Regirock;0;377;50;100;50;rock;None;2300;3;1
['Prism Armor'];107;3;Prism Pokémon;101;1250000;24;97;Necrozma;0;800;127;89;79;psychic;None;2300;7;1
['Full Metal Body'];137;45;Sunne Pokémon;107;1250000;34;137;Solgaleo;0;791;113;89;97;psychic;steel;2300;7;1
['Intimidate', 'Moxie'];155;45;Atrocious Pokémon;109;1250000;65;95;Gyarados;50;130;70;130;81;water;flying;2350;1;0
['Water Compaction', 'Sand Veil'];75;60;Sand Castle Pokémon;110;1000000;13;85;Palossand;50;770;100;75;35;ghost;ground;2500;7;0
['Justified'];90;3;Iron Will Pokémon;129;1250000;21;91;Cobalion;0;638;90;72;108;steel;fighting;2500;5;1
['Thick Fat', 'Guts', 'Sheer Force'];120;200;Arm Thrust Pokémon;60;1640000;23;144;Hariyama;754;297;40;60;50;fighting;None;2538;3;0
['Inner Focus', 'Ice Body', 'Moody'];120;75;Face Pokémon;80;1000000;15;80;Glalie;50;362;120;80;100;ice;None;2565;3;0
['Sturdy', 'Sand Stream', 'Sand Force'];135;45;Compressed Pokémon;130;1059860;17;85;Gigalith;50;526;60;80;25;rock;None;2600;5;0
['Snow Cloak', 'Slush Rush', 'Swift Swim'];130;60;Freezing Pokémon;80;1000000;26;95;Beartic;50;614;70;80;50;ice;None;2600;5;0
['Justified'];129;3;Cavern Pokémon;90;1250000;19;91;Terrakion;0;639;72;90;108;rock;fighting;2600;5;1
['Strong Jaw', 'Rock Head'];121;45;Despot Pokémon;119;1000000;25;82;Tyrantrum;881;697;69;59;71;rock;dragon;2700;6;0
['Lightningrod', 'Solid Rock', 'Reckless'];140;30;Drill Pokémon;130;1250000;24;115;Rhyperior;50;464;55;55;40;ground;rock;2828;4;0
['Aura Break', 'Power Construct'];100;3;Order Pokémon;121;1250000;50;216;Zygarde;0;718;91;95;85;dragon;ground;2846;6;1
['Oblivious', 'Snow Cloak', 'Thick Fat'];130;50;Twin Tusk Pokémon;80;1250000;25;110;Mamoswine;50;473;70;60;80;ice;ground;2910;4;0
['Sand Stream', 'Sand Force'];112;60;Heavyweight Pokémon;118;1250000;20;108;Hippowdon;50;450;68;72;47;ground;None;3000;4;0
['Overgrow', 'Shell Armor'];109;45;Continent Pokémon;105;1059860;22;95;Torterra;881;389;75;85;56;grass;ground;3100;4;0
['Multitype'];120;3;Alpha Pokémon;120;1250000;32;120;Arceus;0;493;120;120;120;normal;None;3200;4;1
['Pressure', 'Teravolt', 'Turboblaze'];120;3;Boundary Pokémon;90;1250000;30;125;Kyurem;0;646;170;100;95;dragon;ice;3250;5;1
['Iron Fist', 'Klutz', 'No Guard'];124;90;Automaton Pokémon;80;1000000;28;89;Golurk;0;623;55;80;55;ground;ghost;3300;5;0
['Turboblaze'];120;3;Vast White Pokémon;100;1250000;32;100;Reshiram;0;643;150;120;90;dragon;fire;3300;5;1
['Beast Boost'];139;25;Swollen Pokémon;139;1250000;24;107;Buzzwole;0;794;53;53;79;bug;fighting;3336;7;1
['Pressure', 'Telepathy'];120;3;Spatial Pokémon;100;1250000;42;90;Palkia;0;484;150;120;100;water;dragon;3360;4;1
['Sturdy', 'Magnet Pull', 'Sand Force'];55;60;Compass Pokémon;145;1000000;14;60;Probopass;50;476;75;150;40;rock;steel;3400;4;0
['Teravolt'];150;3;Deep Black Pokémon;120;1250000;29;100;Zekrom;0;644;120;100;90;dragon;electric;3450;5;1
['Drizzle'];150;3;Sea Basin Pokémon;90;1250000;45;100;Kyogre;0;382;180;160;90;water;None;3520;3;1
['Sturdy', 'Rock Head', 'Heavy Metal'];140;45;Iron Armor Pokémon;230;1250000;21;70;Aggron;50;306;60;80;50;steel;rock;3600;3;0
['Water Veil', 'Oblivious', 'Pressure'];90;60;Float Whale Pokémon;45;1640000;145;170;Wailord;50;321;90;45;60;water;None;3980;3;0
['Rock Head', 'Sturdy', 'Sheer Force'];125;25;Iron Snake Pokémon;230;1000000;92;75;Steelix;50;208;55;95;30;steel;ground;4000;2;0
['Slow Start'];160;3;Colossal Pokémon;110;1250000;37;110;Regigigas;0;486;80;110;100;normal;None;4200;4;1
['Flash Fire', 'Flame Body'];90;3;Lava Dome Pokémon;106;1250000;17;91;Heatran;50;485;130;106;77;fire;steel;4300;4;1
['Immunity', 'Thick Fat', 'Gluttony'];110;25;Sleeping Pokémon;65;1250000;21;160;Snorlax;881;143;65;110;30;normal;None;4600;1;0
['Own Tempo', 'Ice Body', 'Sturdy'];117;55;Iceberg Pokémon;184;1000000;20;95;Avalugg;50;713;44;46;28;ice;None;5050;6;0
['Clear Body', 'Light Metal'];145;3;Iron Leg Pokémon;150;1250000;16;80;Metagross;0;376;105;110;110;steel;psychic;5500;3;0
['Pressure', 'Telepathy'];120;3;Temporal Pokémon;120;1250000;54;100;Dialga;0;483;150;100;90;steel;dragon;6830;4;1
['Pressure', 'Telepathy', 'Levitate'];120;3;Renegade Pokémon;100;1250000;45;150;Giratina;0;487;120;100;90;ghost;dragon;7500;4;1
['Beast Boost'];101;15;Junkivore Pokémon;53;1250000;55;223;Guzzlord;0;799;97;53;43;dark;dragon;8880;7;1
['Own Tempo', 'Stamina', 'Inner Focus'];125;60;Draft Horse Pokémon;100;1000000;25;100;Mudsdale;50;750;55;85;35;ground;None;9200;7;0
['Drought'];180;3;Continent Pokémon;160;1250000;35;100;Groudon;0;383;150;90;90;ground;None;9500;3;1
['Sturdy'];29;45;Protostar Pokémon;131;1250000;1;43;Cosmoem;0;790;29;131;37;psychic;None;9999;7;1
['Beast Boost'];101;25;Launch Pokémon;103;1250000;92;97;Celesteela;0;797;107;101;61;steel;flying;9999;7;1
